--
-- PostgreSQL database dump
--

SET statement_timeout = 0;
SET lock_timeout = 0;
SET client_encoding = 'UTF8';
SET standard_conforming_strings = on;
SET check_function_bodies = false;
SET client_min_messages = warning;

--
-- Name: plpgsql; Type: EXTENSION; Schema: -; Owner: 
--

CREATE EXTENSION IF NOT EXISTS plpgsql WITH SCHEMA pg_catalog;


--
-- Name: EXTENSION plpgsql; Type: COMMENT; Schema: -; Owner: 
--

COMMENT ON EXTENSION plpgsql IS 'PL/pgSQL procedural language';


SET search_path = public, pg_catalog;

SET default_tablespace = '';

SET default_with_oids = false;

--
-- Name: auth_group; Type: TABLE; Schema: public; Owner: postgres; Tablespace: 
--

CREATE TABLE auth_group (
    id integer NOT NULL,
    name character varying(80) NOT NULL
);


ALTER TABLE public.auth_group OWNER TO postgres;

--
-- Name: auth_group_id_seq; Type: SEQUENCE; Schema: public; Owner: postgres
--

CREATE SEQUENCE auth_group_id_seq
    START WITH 1
    INCREMENT BY 1
    NO MINVALUE
    NO MAXVALUE
    CACHE 1;


ALTER TABLE public.auth_group_id_seq OWNER TO postgres;

--
-- Name: auth_group_id_seq; Type: SEQUENCE OWNED BY; Schema: public; Owner: postgres
--

ALTER SEQUENCE auth_group_id_seq OWNED BY auth_group.id;


--
-- Name: auth_group_permissions; Type: TABLE; Schema: public; Owner: postgres; Tablespace: 
--

CREATE TABLE auth_group_permissions (
    id integer NOT NULL,
    group_id integer NOT NULL,
    permission_id integer NOT NULL
);


ALTER TABLE public.auth_group_permissions OWNER TO postgres;

--
-- Name: auth_group_permissions_id_seq; Type: SEQUENCE; Schema: public; Owner: postgres
--

CREATE SEQUENCE auth_group_permissions_id_seq
    START WITH 1
    INCREMENT BY 1
    NO MINVALUE
    NO MAXVALUE
    CACHE 1;


ALTER TABLE public.auth_group_permissions_id_seq OWNER TO postgres;

--
-- Name: auth_group_permissions_id_seq; Type: SEQUENCE OWNED BY; Schema: public; Owner: postgres
--

ALTER SEQUENCE auth_group_permissions_id_seq OWNED BY auth_group_permissions.id;


--
-- Name: auth_permission; Type: TABLE; Schema: public; Owner: postgres; Tablespace: 
--

CREATE TABLE auth_permission (
    id integer NOT NULL,
    name character varying(255) NOT NULL,
    content_type_id integer NOT NULL,
    codename character varying(100) NOT NULL
);


ALTER TABLE public.auth_permission OWNER TO postgres;

--
-- Name: auth_permission_id_seq; Type: SEQUENCE; Schema: public; Owner: postgres
--

CREATE SEQUENCE auth_permission_id_seq
    START WITH 1
    INCREMENT BY 1
    NO MINVALUE
    NO MAXVALUE
    CACHE 1;


ALTER TABLE public.auth_permission_id_seq OWNER TO postgres;

--
-- Name: auth_permission_id_seq; Type: SEQUENCE OWNED BY; Schema: public; Owner: postgres
--

ALTER SEQUENCE auth_permission_id_seq OWNED BY auth_permission.id;


--
-- Name: bay_bay; Type: TABLE; Schema: public; Owner: postgres; Tablespace: 
--

CREATE TABLE bay_bay (
    id integer NOT NULL,
    created_on timestamp with time zone NOT NULL,
    updated_on timestamp with time zone NOT NULL,
    name character varying(225),
    mac_id character varying(225) NOT NULL,
    location character varying(225),
    is_active boolean NOT NULL
);


ALTER TABLE public.bay_bay OWNER TO postgres;

--
-- Name: bay_bay_id_seq; Type: SEQUENCE; Schema: public; Owner: postgres
--

CREATE SEQUENCE bay_bay_id_seq
    START WITH 1
    INCREMENT BY 1
    NO MINVALUE
    NO MAXVALUE
    CACHE 1;


ALTER TABLE public.bay_bay_id_seq OWNER TO postgres;

--
-- Name: bay_bay_id_seq; Type: SEQUENCE OWNED BY; Schema: public; Owner: postgres
--

ALTER SEQUENCE bay_bay_id_seq OWNED BY bay_bay.id;


--
-- Name: bay_logging; Type: TABLE; Schema: public; Owner: postgres; Tablespace: 
--

CREATE TABLE bay_logging (
    id integer NOT NULL,
    created_on timestamp with time zone NOT NULL,
    updated_on timestamp with time zone NOT NULL,
    status character varying(200),
    project_id integer NOT NULL,
    tool_id integer NOT NULL,
    user_id integer NOT NULL
);


ALTER TABLE public.bay_logging OWNER TO postgres;

--
-- Name: bay_logging_id_seq; Type: SEQUENCE; Schema: public; Owner: postgres
--

CREATE SEQUENCE bay_logging_id_seq
    START WITH 1
    INCREMENT BY 1
    NO MINVALUE
    NO MAXVALUE
    CACHE 1;


ALTER TABLE public.bay_logging_id_seq OWNER TO postgres;

--
-- Name: bay_logging_id_seq; Type: SEQUENCE OWNED BY; Schema: public; Owner: postgres
--

ALTER SEQUENCE bay_logging_id_seq OWNED BY bay_logging.id;


--
-- Name: bay_project; Type: TABLE; Schema: public; Owner: postgres; Tablespace: 
--

CREATE TABLE bay_project (
    id integer NOT NULL,
    created_on timestamp with time zone NOT NULL,
    updated_on timestamp with time zone NOT NULL,
    name character varying(225),
    description character varying(225)
);


ALTER TABLE public.bay_project OWNER TO postgres;

--
-- Name: bay_project_id_seq; Type: SEQUENCE; Schema: public; Owner: postgres
--

CREATE SEQUENCE bay_project_id_seq
    START WITH 1
    INCREMENT BY 1
    NO MINVALUE
    NO MAXVALUE
    CACHE 1;


ALTER TABLE public.bay_project_id_seq OWNER TO postgres;

--
-- Name: bay_project_id_seq; Type: SEQUENCE OWNED BY; Schema: public; Owner: postgres
--

ALTER SEQUENCE bay_project_id_seq OWNED BY bay_project.id;


--
-- Name: bay_project_users; Type: TABLE; Schema: public; Owner: postgres; Tablespace: 
--

CREATE TABLE bay_project_users (
    id integer NOT NULL,
    project_id integer NOT NULL,
    bayuser_id integer NOT NULL
);


ALTER TABLE public.bay_project_users OWNER TO postgres;

--
-- Name: bay_project_users_id_seq; Type: SEQUENCE; Schema: public; Owner: postgres
--

CREATE SEQUENCE bay_project_users_id_seq
    START WITH 1
    INCREMENT BY 1
    NO MINVALUE
    NO MAXVALUE
    CACHE 1;


ALTER TABLE public.bay_project_users_id_seq OWNER TO postgres;

--
-- Name: bay_project_users_id_seq; Type: SEQUENCE OWNED BY; Schema: public; Owner: postgres
--

ALTER SEQUENCE bay_project_users_id_seq OWNED BY bay_project_users.id;


--
-- Name: bay_tool; Type: TABLE; Schema: public; Owner: postgres; Tablespace: 
--

CREATE TABLE bay_tool (
    id integer NOT NULL,
    created_on timestamp with time zone NOT NULL,
    updated_on timestamp with time zone NOT NULL,
    name character varying(225) NOT NULL,
    status character varying(200),
    maintenance_status character varying(200),
    bay_id integer NOT NULL,
    image character varying(100),
    tool_owner_id integer,
    bay_number character varying(255),
    current_project_id integer
);


ALTER TABLE public.bay_tool OWNER TO postgres;

--
-- Name: bay_tool_id_seq; Type: SEQUENCE; Schema: public; Owner: postgres
--

CREATE SEQUENCE bay_tool_id_seq
    START WITH 1
    INCREMENT BY 1
    NO MINVALUE
    NO MAXVALUE
    CACHE 1;


ALTER TABLE public.bay_tool_id_seq OWNER TO postgres;

--
-- Name: bay_tool_id_seq; Type: SEQUENCE OWNED BY; Schema: public; Owner: postgres
--

ALTER SEQUENCE bay_tool_id_seq OWNED BY bay_tool.id;


--
-- Name: bay_tool_tool_users; Type: TABLE; Schema: public; Owner: postgres; Tablespace: 
--

CREATE TABLE bay_tool_tool_users (
    id integer NOT NULL,
    tool_id integer NOT NULL,
    bayuser_id integer NOT NULL
);


ALTER TABLE public.bay_tool_tool_users OWNER TO postgres;

--
-- Name: bay_tool_tool_users_id_seq; Type: SEQUENCE; Schema: public; Owner: postgres
--

CREATE SEQUENCE bay_tool_tool_users_id_seq
    START WITH 1
    INCREMENT BY 1
    NO MINVALUE
    NO MAXVALUE
    CACHE 1;


ALTER TABLE public.bay_tool_tool_users_id_seq OWNER TO postgres;

--
-- Name: bay_tool_tool_users_id_seq; Type: SEQUENCE OWNED BY; Schema: public; Owner: postgres
--

ALTER SEQUENCE bay_tool_tool_users_id_seq OWNED BY bay_tool_tool_users.id;


--
-- Name: bay_toolimage; Type: TABLE; Schema: public; Owner: postgres; Tablespace: 
--

CREATE TABLE bay_toolimage (
    id integer NOT NULL,
    image character varying(100) NOT NULL
);


ALTER TABLE public.bay_toolimage OWNER TO postgres;

--
-- Name: bay_toolimage_id_seq; Type: SEQUENCE; Schema: public; Owner: postgres
--

CREATE SEQUENCE bay_toolimage_id_seq
    START WITH 1
    INCREMENT BY 1
    NO MINVALUE
    NO MAXVALUE
    CACHE 1;


ALTER TABLE public.bay_toolimage_id_seq OWNER TO postgres;

--
-- Name: bay_toolimage_id_seq; Type: SEQUENCE OWNED BY; Schema: public; Owner: postgres
--

ALTER SEQUENCE bay_toolimage_id_seq OWNED BY bay_toolimage.id;


--
-- Name: bay_toolproject; Type: TABLE; Schema: public; Owner: postgres; Tablespace: 
--

CREATE TABLE bay_toolproject (
    id integer NOT NULL,
    created_on timestamp with time zone NOT NULL,
    updated_on timestamp with time zone NOT NULL,
    is_enabled boolean NOT NULL,
    project_id integer NOT NULL,
    tool_id integer NOT NULL
);


ALTER TABLE public.bay_toolproject OWNER TO postgres;

--
-- Name: bay_toolproject_id_seq; Type: SEQUENCE; Schema: public; Owner: postgres
--

CREATE SEQUENCE bay_toolproject_id_seq
    START WITH 1
    INCREMENT BY 1
    NO MINVALUE
    NO MAXVALUE
    CACHE 1;


ALTER TABLE public.bay_toolproject_id_seq OWNER TO postgres;

--
-- Name: bay_toolproject_id_seq; Type: SEQUENCE OWNED BY; Schema: public; Owner: postgres
--

ALTER SEQUENCE bay_toolproject_id_seq OWNED BY bay_toolproject.id;


--
-- Name: corsheaders_corsmodel; Type: TABLE; Schema: public; Owner: postgres; Tablespace: 
--

CREATE TABLE corsheaders_corsmodel (
    id integer NOT NULL,
    cors character varying(255) NOT NULL
);


ALTER TABLE public.corsheaders_corsmodel OWNER TO postgres;

--
-- Name: corsheaders_corsmodel_id_seq; Type: SEQUENCE; Schema: public; Owner: postgres
--

CREATE SEQUENCE corsheaders_corsmodel_id_seq
    START WITH 1
    INCREMENT BY 1
    NO MINVALUE
    NO MAXVALUE
    CACHE 1;


ALTER TABLE public.corsheaders_corsmodel_id_seq OWNER TO postgres;

--
-- Name: corsheaders_corsmodel_id_seq; Type: SEQUENCE OWNED BY; Schema: public; Owner: postgres
--

ALTER SEQUENCE corsheaders_corsmodel_id_seq OWNED BY corsheaders_corsmodel.id;


--
-- Name: django_admin_log; Type: TABLE; Schema: public; Owner: postgres; Tablespace: 
--

CREATE TABLE django_admin_log (
    id integer NOT NULL,
    action_time timestamp with time zone NOT NULL,
    object_id text,
    object_repr character varying(200) NOT NULL,
    action_flag smallint NOT NULL,
    change_message text NOT NULL,
    content_type_id integer,
    user_id integer NOT NULL,
    CONSTRAINT django_admin_log_action_flag_check CHECK ((action_flag >= 0))
);


ALTER TABLE public.django_admin_log OWNER TO postgres;

--
-- Name: django_admin_log_id_seq; Type: SEQUENCE; Schema: public; Owner: postgres
--

CREATE SEQUENCE django_admin_log_id_seq
    START WITH 1
    INCREMENT BY 1
    NO MINVALUE
    NO MAXVALUE
    CACHE 1;


ALTER TABLE public.django_admin_log_id_seq OWNER TO postgres;

--
-- Name: django_admin_log_id_seq; Type: SEQUENCE OWNED BY; Schema: public; Owner: postgres
--

ALTER SEQUENCE django_admin_log_id_seq OWNED BY django_admin_log.id;


--
-- Name: django_content_type; Type: TABLE; Schema: public; Owner: postgres; Tablespace: 
--

CREATE TABLE django_content_type (
    id integer NOT NULL,
    app_label character varying(100) NOT NULL,
    model character varying(100) NOT NULL
);


ALTER TABLE public.django_content_type OWNER TO postgres;

--
-- Name: django_content_type_id_seq; Type: SEQUENCE; Schema: public; Owner: postgres
--

CREATE SEQUENCE django_content_type_id_seq
    START WITH 1
    INCREMENT BY 1
    NO MINVALUE
    NO MAXVALUE
    CACHE 1;


ALTER TABLE public.django_content_type_id_seq OWNER TO postgres;

--
-- Name: django_content_type_id_seq; Type: SEQUENCE OWNED BY; Schema: public; Owner: postgres
--

ALTER SEQUENCE django_content_type_id_seq OWNED BY django_content_type.id;


--
-- Name: django_migrations; Type: TABLE; Schema: public; Owner: postgres; Tablespace: 
--

CREATE TABLE django_migrations (
    id integer NOT NULL,
    app character varying(255) NOT NULL,
    name character varying(255) NOT NULL,
    applied timestamp with time zone NOT NULL
);


ALTER TABLE public.django_migrations OWNER TO postgres;

--
-- Name: django_migrations_id_seq; Type: SEQUENCE; Schema: public; Owner: postgres
--

CREATE SEQUENCE django_migrations_id_seq
    START WITH 1
    INCREMENT BY 1
    NO MINVALUE
    NO MAXVALUE
    CACHE 1;


ALTER TABLE public.django_migrations_id_seq OWNER TO postgres;

--
-- Name: django_migrations_id_seq; Type: SEQUENCE OWNED BY; Schema: public; Owner: postgres
--

ALTER SEQUENCE django_migrations_id_seq OWNED BY django_migrations.id;


--
-- Name: django_session; Type: TABLE; Schema: public; Owner: postgres; Tablespace: 
--

CREATE TABLE django_session (
    session_key character varying(40) NOT NULL,
    session_data text NOT NULL,
    expire_date timestamp with time zone NOT NULL
);


ALTER TABLE public.django_session OWNER TO postgres;

--
-- Name: users_bayuser; Type: TABLE; Schema: public; Owner: postgres; Tablespace: 
--

CREATE TABLE users_bayuser (
    id integer NOT NULL,
    password character varying(128) NOT NULL,
    last_login timestamp with time zone,
    first_name character varying(30) NOT NULL,
    last_name character varying(30) NOT NULL,
    email character varying(254) NOT NULL,
    is_admin boolean NOT NULL,
    is_owner boolean NOT NULL,
    is_active boolean NOT NULL,
    rfid character varying(225) NOT NULL,
    group_id integer
);


ALTER TABLE public.users_bayuser OWNER TO postgres;

--
-- Name: users_bayuser_id_seq; Type: SEQUENCE; Schema: public; Owner: postgres
--

CREATE SEQUENCE users_bayuser_id_seq
    START WITH 1
    INCREMENT BY 1
    NO MINVALUE
    NO MAXVALUE
    CACHE 1;


ALTER TABLE public.users_bayuser_id_seq OWNER TO postgres;

--
-- Name: users_bayuser_id_seq; Type: SEQUENCE OWNED BY; Schema: public; Owner: postgres
--

ALTER SEQUENCE users_bayuser_id_seq OWNED BY users_bayuser.id;


--
-- Name: users_group; Type: TABLE; Schema: public; Owner: postgres; Tablespace: 
--

CREATE TABLE users_group (
    id integer NOT NULL,
    name character varying(225)
);


ALTER TABLE public.users_group OWNER TO postgres;

--
-- Name: users_group_id_seq; Type: SEQUENCE; Schema: public; Owner: postgres
--

CREATE SEQUENCE users_group_id_seq
    START WITH 1
    INCREMENT BY 1
    NO MINVALUE
    NO MAXVALUE
    CACHE 1;


ALTER TABLE public.users_group_id_seq OWNER TO postgres;

--
-- Name: users_group_id_seq; Type: SEQUENCE OWNED BY; Schema: public; Owner: postgres
--

ALTER SEQUENCE users_group_id_seq OWNED BY users_group.id;


--
-- Name: id; Type: DEFAULT; Schema: public; Owner: postgres
--

ALTER TABLE ONLY auth_group ALTER COLUMN id SET DEFAULT nextval('auth_group_id_seq'::regclass);


--
-- Name: id; Type: DEFAULT; Schema: public; Owner: postgres
--

ALTER TABLE ONLY auth_group_permissions ALTER COLUMN id SET DEFAULT nextval('auth_group_permissions_id_seq'::regclass);


--
-- Name: id; Type: DEFAULT; Schema: public; Owner: postgres
--

ALTER TABLE ONLY auth_permission ALTER COLUMN id SET DEFAULT nextval('auth_permission_id_seq'::regclass);


--
-- Name: id; Type: DEFAULT; Schema: public; Owner: postgres
--

ALTER TABLE ONLY bay_bay ALTER COLUMN id SET DEFAULT nextval('bay_bay_id_seq'::regclass);


--
-- Name: id; Type: DEFAULT; Schema: public; Owner: postgres
--

ALTER TABLE ONLY bay_logging ALTER COLUMN id SET DEFAULT nextval('bay_logging_id_seq'::regclass);


--
-- Name: id; Type: DEFAULT; Schema: public; Owner: postgres
--

ALTER TABLE ONLY bay_project ALTER COLUMN id SET DEFAULT nextval('bay_project_id_seq'::regclass);


--
-- Name: id; Type: DEFAULT; Schema: public; Owner: postgres
--

ALTER TABLE ONLY bay_project_users ALTER COLUMN id SET DEFAULT nextval('bay_project_users_id_seq'::regclass);


--
-- Name: id; Type: DEFAULT; Schema: public; Owner: postgres
--

ALTER TABLE ONLY bay_tool ALTER COLUMN id SET DEFAULT nextval('bay_tool_id_seq'::regclass);


--
-- Name: id; Type: DEFAULT; Schema: public; Owner: postgres
--

ALTER TABLE ONLY bay_tool_tool_users ALTER COLUMN id SET DEFAULT nextval('bay_tool_tool_users_id_seq'::regclass);


--
-- Name: id; Type: DEFAULT; Schema: public; Owner: postgres
--

ALTER TABLE ONLY bay_toolimage ALTER COLUMN id SET DEFAULT nextval('bay_toolimage_id_seq'::regclass);


--
-- Name: id; Type: DEFAULT; Schema: public; Owner: postgres
--

ALTER TABLE ONLY bay_toolproject ALTER COLUMN id SET DEFAULT nextval('bay_toolproject_id_seq'::regclass);


--
-- Name: id; Type: DEFAULT; Schema: public; Owner: postgres
--

ALTER TABLE ONLY corsheaders_corsmodel ALTER COLUMN id SET DEFAULT nextval('corsheaders_corsmodel_id_seq'::regclass);


--
-- Name: id; Type: DEFAULT; Schema: public; Owner: postgres
--

ALTER TABLE ONLY django_admin_log ALTER COLUMN id SET DEFAULT nextval('django_admin_log_id_seq'::regclass);


--
-- Name: id; Type: DEFAULT; Schema: public; Owner: postgres
--

ALTER TABLE ONLY django_content_type ALTER COLUMN id SET DEFAULT nextval('django_content_type_id_seq'::regclass);


--
-- Name: id; Type: DEFAULT; Schema: public; Owner: postgres
--

ALTER TABLE ONLY django_migrations ALTER COLUMN id SET DEFAULT nextval('django_migrations_id_seq'::regclass);


--
-- Name: id; Type: DEFAULT; Schema: public; Owner: postgres
--

ALTER TABLE ONLY users_bayuser ALTER COLUMN id SET DEFAULT nextval('users_bayuser_id_seq'::regclass);


--
-- Name: id; Type: DEFAULT; Schema: public; Owner: postgres
--

ALTER TABLE ONLY users_group ALTER COLUMN id SET DEFAULT nextval('users_group_id_seq'::regclass);


--
-- Data for Name: auth_group; Type: TABLE DATA; Schema: public; Owner: postgres
--

COPY auth_group (id, name) FROM stdin;
\.


--
-- Name: auth_group_id_seq; Type: SEQUENCE SET; Schema: public; Owner: postgres
--

SELECT pg_catalog.setval('auth_group_id_seq', 1, false);


--
-- Data for Name: auth_group_permissions; Type: TABLE DATA; Schema: public; Owner: postgres
--

COPY auth_group_permissions (id, group_id, permission_id) FROM stdin;
\.


--
-- Name: auth_group_permissions_id_seq; Type: SEQUENCE SET; Schema: public; Owner: postgres
--

SELECT pg_catalog.setval('auth_group_permissions_id_seq', 1, false);


--
-- Data for Name: auth_permission; Type: TABLE DATA; Schema: public; Owner: postgres
--

COPY auth_permission (id, name, content_type_id, codename) FROM stdin;
1	Can add log entry	1	add_logentry
2	Can change log entry	1	change_logentry
3	Can delete log entry	1	delete_logentry
4	Can add permission	2	add_permission
5	Can change permission	2	change_permission
6	Can delete permission	2	delete_permission
7	Can add group	3	add_group
8	Can change group	3	change_group
9	Can delete group	3	delete_group
10	Can add content type	4	add_contenttype
11	Can change content type	4	change_contenttype
12	Can delete content type	4	delete_contenttype
13	Can add session	5	add_session
14	Can change session	5	change_session
15	Can delete session	5	delete_session
16	Can add cors model	6	add_corsmodel
17	Can change cors model	6	change_corsmodel
18	Can delete cors model	6	delete_corsmodel
19	Can add project	7	add_project
20	Can change project	7	change_project
21	Can delete project	7	delete_project
22	Can add bay	8	add_bay
23	Can change bay	8	change_bay
24	Can delete bay	8	delete_bay
25	Can add tool	9	add_tool
26	Can change tool	9	change_tool
27	Can delete tool	9	delete_tool
28	Can add tool project	10	add_toolproject
29	Can change tool project	10	change_toolproject
30	Can delete tool project	10	delete_toolproject
31	Can add tool image	11	add_toolimage
32	Can change tool image	11	change_toolimage
33	Can delete tool image	11	delete_toolimage
34	Can add group	12	add_group
35	Can change group	12	change_group
36	Can delete group	12	delete_group
37	Can add bay user	13	add_bayuser
38	Can change bay user	13	change_bayuser
39	Can delete bay user	13	delete_bayuser
40	Can add logging	14	add_logging
41	Can change logging	14	change_logging
42	Can delete logging	14	delete_logging
\.


--
-- Name: auth_permission_id_seq; Type: SEQUENCE SET; Schema: public; Owner: postgres
--

SELECT pg_catalog.setval('auth_permission_id_seq', 42, true);


--
-- Data for Name: bay_bay; Type: TABLE DATA; Schema: public; Owner: postgres
--

COPY bay_bay (id, created_on, updated_on, name, mac_id, location, is_active) FROM stdin;
242	2017-02-07 15:20:25.180509+05:30	2017-05-31 09:19:21.083506+05:30	Console 3	b8:27:eb:a1:bd:75	bay33	t
256	2017-02-08 22:38:53.699828+05:30	2017-05-31 09:19:35.967573+05:30	Console 2	b8:27:eb:68:90:1f	\N	t
245	2017-02-07 15:44:37.65217+05:30	2017-05-31 09:19:52.705213+05:30	Console 4	b8:27:eb:38:f9:a4	bay3	t
244	2017-02-07 15:32:09.569608+05:30	2017-05-31 09:20:12.274803+05:30	Console 7	b8:27:eb:09:b0:9a	bay21	t
243	2017-02-07 15:28:40.443448+05:30	2017-05-31 09:20:31.790232+05:30	Console 5	b8:27:eb:0f:0f:76	bay10	t
255	2017-02-08 20:40:10.221836+05:30	2017-05-31 09:20:47.920469+05:30	Console 6	b8:27:eb:9c:62:ee	\N	t
241	2017-02-07 14:38:25.626783+05:30	2017-05-31 14:37:16.217445+05:30	Console 1	b8:27:eb:9b:d8:bc	bay27	t
\.


--
-- Name: bay_bay_id_seq; Type: SEQUENCE SET; Schema: public; Owner: postgres
--

SELECT pg_catalog.setval('bay_bay_id_seq', 256, true);


--
-- Data for Name: bay_logging; Type: TABLE DATA; Schema: public; Owner: postgres
--

COPY bay_logging (id, created_on, updated_on, status, project_id, tool_id, user_id) FROM stdin;
13	2017-02-07 17:14:42.69545+05:30	2017-02-07 17:14:42.695472+05:30	PR	4	7	62
14	2017-02-07 17:15:02.176044+05:30	2017-02-07 17:15:02.176067+05:30	ID	4	7	62
15	2017-02-07 17:15:27.187051+05:30	2017-02-07 17:15:27.187075+05:30	PR	4	7	62
16	2017-02-07 17:22:20.113412+05:30	2017-02-07 17:22:20.113435+05:30	IN	4	7	62
17	2017-02-07 17:24:38.020213+05:30	2017-02-07 17:24:38.020244+05:30	ID	4	7	62
18	2017-02-07 17:24:51.734979+05:30	2017-02-07 17:24:51.735013+05:30	IN	4	7	62
19	2017-02-07 17:25:18.916165+05:30	2017-02-07 17:25:18.916189+05:30	PR	4	7	62
20	2017-02-07 17:26:39.381159+05:30	2017-02-07 17:26:39.381181+05:30	ID	4	7	62
21	2017-02-07 17:26:59.679824+05:30	2017-02-07 17:26:59.679853+05:30	PR	4	7	62
22	2017-02-07 17:36:11.685061+05:30	2017-02-07 17:36:11.685085+05:30	ID	4	7	62
23	2017-02-07 17:39:02.049455+05:30	2017-02-07 17:39:02.049493+05:30	ID	4	7	62
24	2017-02-07 17:43:28.29272+05:30	2017-02-07 17:43:28.292762+05:30	PR	4	7	63
25	2017-02-07 17:43:37.733728+05:30	2017-02-07 17:43:37.733753+05:30	IN	4	7	63
26	2017-02-07 17:45:42.340011+05:30	2017-02-07 17:45:42.340034+05:30	PR	4	7	63
27	2017-02-07 17:48:28.823986+05:30	2017-02-07 17:48:28.82401+05:30	ID	4	7	63
28	2017-02-07 17:49:54.918333+05:30	2017-02-07 17:49:54.918365+05:30	PR	4	7	65
29	2017-02-07 19:54:21.165485+05:30	2017-02-07 19:54:21.165513+05:30	IN	4	7	62
30	2017-02-07 19:55:55.406406+05:30	2017-02-07 19:55:55.406428+05:30	PR	4	7	62
31	2017-02-07 20:19:05.009025+05:30	2017-02-07 20:19:05.009047+05:30	ID	4	7	62
32	2017-02-07 20:19:09.33768+05:30	2017-02-07 20:19:09.337704+05:30	IN	4	7	62
33	2017-02-07 20:20:06.954213+05:30	2017-02-07 20:20:06.954236+05:30	ID	4	7	62
34	2017-02-07 20:20:17.830994+05:30	2017-02-07 20:20:17.831028+05:30	PR	4	7	62
35	2017-02-07 20:20:40.036684+05:30	2017-02-07 20:20:40.036708+05:30	IN	4	7	62
36	2017-02-07 20:23:11.705431+05:30	2017-02-07 20:23:11.705454+05:30	PR	4	7	62
37	2017-02-07 20:26:09.672459+05:30	2017-02-07 20:26:09.672482+05:30	IN	4	7	62
38	2017-02-08 09:12:12.732229+05:30	2017-02-08 09:12:12.732252+05:30	ID	4	7	62
39	2017-02-08 10:58:16.623762+05:30	2017-02-08 10:58:16.623785+05:30	PR	4	7	62
41	2017-02-08 11:28:54.395605+05:30	2017-02-08 11:28:54.395627+05:30	PR	4	14	62
47	2017-02-08 11:55:51.012615+05:30	2017-02-08 11:55:51.012637+05:30	PR	4	15	62
48	2017-02-08 11:55:56.909501+05:30	2017-02-08 11:55:56.909536+05:30	IN	4	15	62
49	2017-02-08 11:56:02.740113+05:30	2017-02-08 11:56:02.740136+05:30	ID	4	15	62
50	2017-02-08 11:56:09.132893+05:30	2017-02-08 11:56:09.132927+05:30	PR	4	15	62
52	2017-02-08 14:58:56.130425+05:30	2017-02-08 14:58:56.130447+05:30	PR	4	16	63
53	2017-02-08 14:59:16.186654+05:30	2017-02-08 14:59:16.186685+05:30	ID	4	7	63
54	2017-02-08 15:02:30.6634+05:30	2017-02-08 15:02:30.663423+05:30	IN	4	15	63
55	2017-02-08 15:38:47.968749+05:30	2017-02-08 15:38:47.968781+05:30	PR	4	15	13
56	2017-02-08 15:38:56.581989+05:30	2017-02-08 15:38:56.58202+05:30	IN	4	15	13
57	2017-02-08 15:39:12.410275+05:30	2017-02-08 15:39:12.410309+05:30	PR	4	15	13
58	2017-02-08 15:39:16.282209+05:30	2017-02-08 15:39:16.282243+05:30	IN	4	15	13
59	2017-02-08 15:43:40.076181+05:30	2017-02-08 15:43:40.076211+05:30	ID	4	16	63
60	2017-02-08 15:44:00.181371+05:30	2017-02-08 15:44:00.181394+05:30	PR	4	15	63
61	2017-02-08 15:44:09.157884+05:30	2017-02-08 15:44:09.157906+05:30	PR	4	16	63
62	2017-02-08 15:44:45.547159+05:30	2017-02-08 15:44:45.547182+05:30	PR	4	7	63
63	2017-02-08 15:45:15.981667+05:30	2017-02-08 15:45:15.981699+05:30	ID	4	14	63
64	2017-02-08 15:47:24.156198+05:30	2017-02-08 15:47:24.156224+05:30	ID	4	18	65
65	2017-02-08 15:47:52.370101+05:30	2017-02-08 15:47:52.370135+05:30	PR	4	18	8
66	2017-02-08 15:54:39.405265+05:30	2017-02-08 15:54:39.405288+05:30	PR	4	14	65
67	2017-02-08 15:55:41.191832+05:30	2017-02-08 15:55:41.191855+05:30	ID	4	16	65
68	2017-02-08 15:55:48.865501+05:30	2017-02-08 15:55:48.865537+05:30	IN	4	16	65
69	2017-02-08 15:56:48.739181+05:30	2017-02-08 15:56:48.739205+05:30	IN	4	18	8
70	2017-02-08 15:56:50.918736+05:30	2017-02-08 15:56:50.918759+05:30	PR	4	18	8
71	2017-02-08 15:58:22.030481+05:30	2017-02-08 15:58:22.030503+05:30	PR	4	27	58
72	2017-02-08 15:58:28.58434+05:30	2017-02-08 15:58:28.584362+05:30	PR	4	27	58
73	2017-02-08 15:58:43.965993+05:30	2017-02-08 15:58:43.966016+05:30	IN	4	27	58
74	2017-02-08 15:59:02.649867+05:30	2017-02-08 15:59:02.64989+05:30	PR	4	27	58
75	2017-02-08 16:00:32.752991+05:30	2017-02-08 16:00:32.753015+05:30	PR	4	27	58
76	2017-02-08 16:01:02.823836+05:30	2017-02-08 16:01:02.823865+05:30	PR	4	27	58
77	2017-02-08 16:03:51.463432+05:30	2017-02-08 16:03:51.463457+05:30	PR	4	27	58
78	2017-02-08 16:42:24.034598+05:30	2017-02-08 16:42:24.034622+05:30	IN	4	15	13
79	2017-02-08 16:42:27.754753+05:30	2017-02-08 16:42:27.754775+05:30	PR	4	15	13
80	2017-02-08 16:43:03.200969+05:30	2017-02-08 16:43:03.200993+05:30	ID	4	14	12
81	2017-02-08 16:43:21.817413+05:30	2017-02-08 16:43:21.817446+05:30	IN	4	15	13
82	2017-02-08 16:44:02.294346+05:30	2017-02-08 16:44:02.294382+05:30	PR	4	16	11
83	2017-02-08 16:44:12.931145+05:30	2017-02-08 16:44:12.931168+05:30	PR	4	16	11
84	2017-02-08 16:44:19.92759+05:30	2017-02-08 16:44:19.927613+05:30	PR	4	14	11
85	2017-02-08 16:44:29.419954+05:30	2017-02-08 16:44:29.419978+05:30	ID	4	16	11
86	2017-02-08 16:44:33.518076+05:30	2017-02-08 16:44:33.518104+05:30	PR	4	16	11
87	2017-02-08 17:30:58.322182+05:30	2017-02-08 17:30:58.322213+05:30	PR	4	15	62
88	2017-02-08 19:25:34.808267+05:30	2017-02-08 19:25:34.80829+05:30	PR	4	15	62
89	2017-02-08 19:25:57.630092+05:30	2017-02-08 19:25:57.630117+05:30	PR	4	15	62
90	2017-02-08 19:26:09.686085+05:30	2017-02-08 19:26:09.686117+05:30	PR	4	7	62
91	2017-02-08 19:26:30.059925+05:30	2017-02-08 19:26:30.059948+05:30	PR	4	14	62
92	2017-02-08 21:16:24.750466+05:30	2017-02-08 21:16:24.750505+05:30	ID	4	30	62
93	2017-02-08 21:16:30.927515+05:30	2017-02-08 21:16:30.927539+05:30	PR	4	30	62
94	2017-02-08 21:16:39.975653+05:30	2017-02-08 21:16:39.975675+05:30	ID	4	30	62
95	2017-02-08 22:02:41.925332+05:30	2017-02-08 22:02:41.925355+05:30	PR	4	30	62
96	2017-02-08 22:06:11.880578+05:30	2017-02-08 22:06:11.8806+05:30	PR	4	43	62
97	2017-02-08 22:06:22.187581+05:30	2017-02-08 22:06:22.187604+05:30	IN	4	45	62
98	2017-02-08 22:06:48.719836+05:30	2017-02-08 22:06:48.71986+05:30	IN	4	46	62
99	2017-02-08 22:07:29.7818+05:30	2017-02-08 22:07:29.781834+05:30	PR	4	44	62
100	2017-02-08 22:07:37.796518+05:30	2017-02-08 22:07:37.796541+05:30	ID	4	44	62
101	2017-02-08 22:07:47.282529+05:30	2017-02-08 22:07:47.282553+05:30	PR	4	44	62
102	2017-02-08 22:07:57.396768+05:30	2017-02-08 22:07:57.396791+05:30	ID	4	44	62
103	2017-02-08 22:13:16.670632+05:30	2017-02-08 22:13:16.670658+05:30	IN	4	50	62
104	2017-02-08 22:13:28.266483+05:30	2017-02-08 22:13:28.266517+05:30	IN	4	48	62
105	2017-02-08 22:13:37.507641+05:30	2017-02-08 22:13:37.507673+05:30	PR	4	52	62
106	2017-02-08 22:21:29.752842+05:30	2017-02-08 22:21:29.752865+05:30	IN	4	53	62
107	2017-02-08 22:21:34.475346+05:30	2017-02-08 22:21:34.475369+05:30	PR	4	53	62
108	2017-02-08 22:26:55.13954+05:30	2017-02-08 22:26:55.139564+05:30	PR	4	16	62
109	2017-02-08 23:09:26.799549+05:30	2017-02-08 23:09:26.799583+05:30	PR	4	61	62
110	2017-02-08 23:09:31.955433+05:30	2017-02-08 23:09:31.955457+05:30	PR	4	62	62
111	2017-02-08 23:09:36.623215+05:30	2017-02-08 23:09:36.623239+05:30	PR	4	60	62
112	2017-02-08 23:10:04.399394+05:30	2017-02-08 23:10:04.399419+05:30	ID	4	62	62
113	2017-02-08 23:10:07.556229+05:30	2017-02-08 23:10:07.556252+05:30	PR	4	62	62
114	2017-02-09 14:26:36.491634+05:30	2017-02-09 14:26:36.491657+05:30	PR	4	55	63
115	2017-02-09 14:38:42.765272+05:30	2017-02-09 14:38:42.765294+05:30	PR	4	48	9
116	2017-02-09 14:40:08.181631+05:30	2017-02-09 14:40:08.181656+05:30	PR	4	50	63
117	2017-02-09 16:21:33.176837+05:30	2017-02-09 16:21:33.176867+05:30	PR	4	14	12
118	2017-02-09 16:22:07.482051+05:30	2017-02-09 16:22:07.482074+05:30	ID	4	14	12
119	2017-02-09 16:31:20.909611+05:30	2017-02-09 16:31:20.909636+05:30	ID	4	16	65
120	2017-02-09 16:31:26.222112+05:30	2017-02-09 16:31:26.222135+05:30	PR	4	16	65
121	2017-02-09 16:32:33.246493+05:30	2017-02-09 16:32:33.246516+05:30	PR	4	16	65
122	2017-02-09 20:07:00.987264+05:30	2017-02-09 20:07:00.987288+05:30	IN	4	15	62
123	2017-02-09 20:07:03.623632+05:30	2017-02-09 20:07:03.623653+05:30	ID	4	15	62
124	2017-02-10 11:01:37.262647+05:30	2017-02-10 11:01:37.262673+05:30	IN	4	31	62
125	2017-02-10 11:01:41.680097+05:30	2017-02-10 11:01:41.680136+05:30	ID	4	31	62
126	2017-02-10 11:10:20.673461+05:30	2017-02-10 11:10:20.673491+05:30	IN	4	59	62
127	2017-02-10 11:10:26.225386+05:30	2017-02-10 11:10:26.225407+05:30	ID	4	59	62
128	2017-02-10 11:10:32.076362+05:30	2017-02-10 11:10:32.076385+05:30	IN	4	59	62
129	2017-02-10 11:10:36.420113+05:30	2017-02-10 11:10:36.420148+05:30	ID	4	59	62
130	2017-02-10 11:10:55.29758+05:30	2017-02-10 11:10:55.297602+05:30	IN	4	60	62
131	2017-02-10 11:11:00.371824+05:30	2017-02-10 11:11:00.371844+05:30	PR	4	60	62
132	2017-02-10 11:11:13.100698+05:30	2017-02-10 11:11:13.100719+05:30	IN	4	62	62
133	2017-02-10 11:11:15.472128+05:30	2017-02-10 11:11:15.47215+05:30	PR	4	62	62
134	2017-02-10 11:12:55.521225+05:30	2017-02-10 11:12:55.521249+05:30	IN	4	60	62
135	2017-02-10 11:13:00.717225+05:30	2017-02-10 11:13:00.717248+05:30	PR	4	60	62
136	2017-02-10 11:34:02.992694+05:30	2017-02-10 11:34:02.992723+05:30	ID	4	58	62
137	2017-02-10 11:34:05.067986+05:30	2017-02-10 11:34:05.06801+05:30	IN	4	58	62
138	2017-02-10 11:34:08.650484+05:30	2017-02-10 11:34:08.650505+05:30	PR	4	58	62
139	2017-02-10 11:34:18.880903+05:30	2017-02-10 11:34:18.880925+05:30	IN	4	58	62
140	2017-02-10 11:34:22.819602+05:30	2017-02-10 11:34:22.819625+05:30	PR	4	58	62
141	2017-02-10 11:34:36.116614+05:30	2017-02-10 11:34:36.116637+05:30	IN	4	54	62
142	2017-02-10 11:34:41.319519+05:30	2017-02-10 11:34:41.319543+05:30	PR	4	54	62
143	2017-02-10 11:34:45.558847+05:30	2017-02-10 11:34:45.558884+05:30	IN	4	54	62
144	2017-02-10 11:34:51.34426+05:30	2017-02-10 11:34:51.344283+05:30	PR	4	54	62
145	2017-02-10 11:35:33.700165+05:30	2017-02-10 11:35:33.700187+05:30	IN	4	55	62
146	2017-02-10 11:35:35.902831+05:30	2017-02-10 11:35:35.902874+05:30	PR	4	55	62
147	2017-02-10 11:35:48.636063+05:30	2017-02-10 11:35:48.636088+05:30	IN	4	53	62
148	2017-02-10 11:35:52.195551+05:30	2017-02-10 11:35:52.195577+05:30	PR	4	53	62
149	2017-02-10 11:42:06.162789+05:30	2017-02-10 11:42:06.16281+05:30	IN	4	54	62
150	2017-02-10 11:42:10.66603+05:30	2017-02-10 11:42:10.666064+05:30	PR	4	54	62
151	2017-02-10 11:44:55.473137+05:30	2017-02-10 11:44:55.473159+05:30	IN	4	58	62
152	2017-02-10 11:44:59.442989+05:30	2017-02-10 11:44:59.443012+05:30	PR	4	58	62
153	2017-02-10 11:45:13.234403+05:30	2017-02-10 11:45:13.23443+05:30	IN	4	53	62
154	2017-02-10 11:45:18.907287+05:30	2017-02-10 11:45:18.907323+05:30	PR	4	53	62
155	2017-02-10 11:46:23.328612+05:30	2017-02-10 11:46:23.328633+05:30	ID	4	53	62
156	2017-02-10 11:46:32.735104+05:30	2017-02-10 11:46:32.735128+05:30	PR	4	53	62
157	2017-02-10 11:47:09.809464+05:30	2017-02-10 11:47:09.809485+05:30	IN	4	53	62
158	2017-02-10 11:47:17.858816+05:30	2017-02-10 11:47:17.858837+05:30	PR	4	53	62
159	2017-02-10 12:17:07.486438+05:30	2017-02-10 12:17:07.48646+05:30	ID	4	52	62
160	2017-02-10 12:17:10.507915+05:30	2017-02-10 12:17:10.507938+05:30	PR	4	52	62
161	2017-02-10 12:17:33.691727+05:30	2017-02-10 12:17:33.691749+05:30	ID	4	50	62
162	2017-02-10 12:17:35.787838+05:30	2017-02-10 12:17:35.78786+05:30	PR	4	50	62
163	2017-02-10 13:49:00.388886+05:30	2017-02-10 13:49:00.388914+05:30	ID	4	38	62
164	2017-02-10 13:49:05.033727+05:30	2017-02-10 13:49:05.03375+05:30	PR	4	38	62
165	2017-02-10 13:49:32.192666+05:30	2017-02-10 13:49:32.192689+05:30	IN	4	27	62
166	2017-02-10 13:49:34.759014+05:30	2017-02-10 13:49:34.759036+05:30	PR	4	27	62
167	2017-02-10 13:49:42.999785+05:30	2017-02-10 13:49:42.999807+05:30	PR	4	26	62
168	2017-02-10 13:49:45.102687+05:30	2017-02-10 13:49:45.10271+05:30	IN	4	26	62
169	2017-02-10 13:49:48.698446+05:30	2017-02-10 13:49:48.698469+05:30	PR	4	26	62
170	2017-02-10 13:49:52.247947+05:30	2017-02-10 13:49:52.247971+05:30	IN	4	26	62
171	2017-02-10 13:50:03.881675+05:30	2017-02-10 13:50:03.881698+05:30	IN	4	18	62
172	2017-02-10 13:50:07.520808+05:30	2017-02-10 13:50:07.520832+05:30	PR	4	18	62
173	2017-02-10 14:18:38.499688+05:30	2017-02-10 14:18:38.499742+05:30	PR	4	45	62
174	2017-02-10 14:18:41.826561+05:30	2017-02-10 14:18:41.826588+05:30	IN	4	45	62
175	2017-02-10 14:28:13.546032+05:30	2017-02-10 14:28:13.546054+05:30	PR	4	46	62
176	2017-02-10 14:28:15.920941+05:30	2017-02-10 14:28:15.920963+05:30	IN	4	46	62
177	2017-02-10 14:28:28.099398+05:30	2017-02-10 14:28:28.099422+05:30	IN	4	43	62
178	2017-02-10 14:28:32.502866+05:30	2017-02-10 14:28:32.50289+05:30	PR	4	43	62
179	2017-02-10 14:28:41.83594+05:30	2017-02-10 14:28:41.835963+05:30	PR	4	44	62
180	2017-02-10 14:28:46.544714+05:30	2017-02-10 14:28:46.544738+05:30	ID	4	44	62
182	2017-02-10 16:18:46.919974+05:30	2017-02-10 16:18:46.919996+05:30	IN	4	26	7
183	2017-02-10 16:19:17.808913+05:30	2017-02-10 16:19:17.808935+05:30	ID	4	26	7
184	2017-02-10 16:51:06.493262+05:30	2017-02-10 16:51:06.493286+05:30	PR	4	66	57
185	2017-02-10 16:51:56.455035+05:30	2017-02-10 16:51:56.455057+05:30	IN	4	66	57
186	2017-02-10 16:52:06.34763+05:30	2017-02-10 16:52:06.347653+05:30	PR	4	66	57
187	2017-02-10 16:52:18.055073+05:30	2017-02-10 16:52:18.055097+05:30	IN	4	66	57
188	2017-02-10 16:52:26.440485+05:30	2017-02-10 16:52:26.440518+05:30	PR	4	66	57
189	2017-02-10 17:21:22.91614+05:30	2017-02-10 17:21:22.916164+05:30	ID	4	27	58
190	2017-02-13 14:10:20.849986+05:30	2017-02-13 14:10:20.850009+05:30	PR	4	46	31
191	2017-02-13 14:10:24.90643+05:30	2017-02-13 14:10:24.906453+05:30	IN	4	46	31
192	2017-02-13 14:26:23.486585+05:30	2017-02-13 14:26:23.486608+05:30	IN	4	46	41
193	2017-02-13 14:28:32.97904+05:30	2017-02-13 14:28:32.979061+05:30	IN	4	44	63
194	2017-02-13 14:58:58.595171+05:30	2017-02-13 14:58:58.595192+05:30	ID	4	30	31
195	2017-02-13 16:00:35.77881+05:30	2017-02-13 16:00:35.77883+05:30	PR	4	18	58
196	2017-02-13 16:00:51.104581+05:30	2017-02-13 16:00:51.104601+05:30	PR	4	26	58
197	2017-02-13 17:12:14.49999+05:30	2017-02-13 17:12:14.500014+05:30	ID	4	18	58
198	2017-02-13 17:12:22.131668+05:30	2017-02-13 17:12:22.131688+05:30	ID	4	26	58
199	2017-02-13 17:14:00.561989+05:30	2017-02-13 17:14:00.562011+05:30	IN	4	26	58
200	2017-02-13 17:14:12.391154+05:30	2017-02-13 17:14:12.391177+05:30	ID	4	26	58
201	2017-02-13 17:14:26.375384+05:30	2017-02-13 17:14:26.375406+05:30	ID	4	26	58
202	2017-02-13 17:14:54.660483+05:30	2017-02-13 17:14:54.660511+05:30	ID	4	26	58
203	2017-02-13 17:15:38.7339+05:30	2017-02-13 17:15:38.733922+05:30	ID	4	26	58
204	2017-02-13 17:15:50.257751+05:30	2017-02-13 17:15:50.257775+05:30	ID	4	26	58
205	2017-02-13 17:16:02.436902+05:30	2017-02-13 17:16:02.436918+05:30	PR	4	26	58
206	2017-02-13 17:16:24.334296+05:30	2017-02-13 17:16:24.334313+05:30	ID	4	26	58
207	2017-02-13 17:28:40.72166+05:30	2017-02-13 17:28:40.721686+05:30	IN	4	43	26
208	2017-02-13 17:28:52.523143+05:30	2017-02-13 17:28:52.523168+05:30	ID	4	43	26
209	2017-02-13 17:29:02.225283+05:30	2017-02-13 17:29:02.2253+05:30	PR	4	43	26
210	2017-02-13 17:29:05.730163+05:30	2017-02-13 17:29:05.730185+05:30	ID	4	43	26
211	2017-02-13 17:29:08.274583+05:30	2017-02-13 17:29:08.274604+05:30	PR	4	43	26
212	2017-02-13 18:26:46.713412+05:30	2017-02-13 18:26:46.713436+05:30	IN	4	44	21
213	2017-02-14 11:38:17.397382+05:30	2017-02-14 11:38:17.397405+05:30	PR	4	61	20
214	2017-02-14 11:41:49.89059+05:30	2017-02-14 11:41:49.890626+05:30	ID	4	61	20
215	2017-02-14 14:02:00.055416+05:30	2017-02-14 14:02:00.055441+05:30	ID	4	67	51
216	2017-02-14 14:36:24.729132+05:30	2017-02-14 14:36:24.729158+05:30	IN	4	46	16
217	2017-02-14 15:23:24.775522+05:30	2017-02-14 15:23:24.775543+05:30	ID	4	43	30
218	2017-02-14 15:23:42.437288+05:30	2017-02-14 15:23:42.437319+05:30	PR	4	43	30
219	2017-02-14 15:23:47.703151+05:30	2017-02-14 15:23:47.703173+05:30	IN	4	43	30
220	2017-02-14 15:23:59.100294+05:30	2017-02-14 15:23:59.100316+05:30	PR	4	43	30
221	2017-02-15 13:05:34.532431+05:30	2017-02-15 13:05:34.532459+05:30	MA	4	16	62
222	2017-02-15 13:06:23.74441+05:30	2017-02-15 13:06:23.744432+05:30	PR	4	16	62
223	2017-02-15 14:04:31.173898+05:30	2017-02-15 14:04:31.173919+05:30	MA	4	16	62
224	2017-02-15 14:04:37.870827+05:30	2017-02-15 14:04:37.870849+05:30	PR	4	16	62
225	2017-02-15 14:05:02.072363+05:30	2017-02-15 14:05:02.072399+05:30	MA	4	15	62
226	2017-02-15 14:05:07.680726+05:30	2017-02-15 14:05:07.680747+05:30	ID	4	15	62
227	2017-02-15 14:57:47.471882+05:30	2017-02-15 14:57:47.471905+05:30	IN	4	46	31
228	2017-02-15 15:09:31.802336+05:30	2017-02-15 15:09:31.802359+05:30	MA	4	65	62
229	2017-02-15 15:09:37.645858+05:30	2017-02-15 15:09:37.645879+05:30	ID	4	65	62
230	2017-02-15 15:10:02.154023+05:30	2017-02-15 15:10:02.154065+05:30	ID	4	65	62
231	2017-02-15 16:43:31.46186+05:30	2017-02-15 16:43:31.461882+05:30	PR	4	59	56
232	2017-02-15 16:43:52.952096+05:30	2017-02-15 16:43:52.952119+05:30	PR	4	60	56
233	2017-02-15 16:44:29.725826+05:30	2017-02-15 16:44:29.725849+05:30	ID	4	28	63
234	2017-02-15 16:44:38.581554+05:30	2017-02-15 16:44:38.581576+05:30	PR	4	28	63
235	2017-02-15 16:47:33.324485+05:30	2017-02-15 16:47:33.324508+05:30	PR	4	18	63
236	2017-02-15 17:24:33.80484+05:30	2017-02-15 17:24:33.804862+05:30	MA	4	15	62
237	2017-02-15 17:24:57.896865+05:30	2017-02-15 17:24:57.896888+05:30	ID	4	15	62
238	2017-02-15 17:26:00.934348+05:30	2017-02-15 17:26:00.93437+05:30	MA	4	15	62
239	2017-02-15 17:26:08.334893+05:30	2017-02-15 17:26:08.334916+05:30	ID	4	15	62
240	2017-02-15 17:42:20.739137+05:30	2017-02-15 17:42:20.739158+05:30	MA	4	7	62
241	2017-02-15 17:42:32.617562+05:30	2017-02-15 17:42:32.617585+05:30	ID	4	7	62
242	2017-02-15 17:44:48.111556+05:30	2017-02-15 17:44:48.111579+05:30	MA	4	15	62
243	2017-02-15 17:44:56.236489+05:30	2017-02-15 17:44:56.236511+05:30	ID	4	15	62
244	2017-02-15 17:56:26.72187+05:30	2017-02-15 17:56:26.721893+05:30	ID	4	60	15
245	2017-02-15 17:56:42.120795+05:30	2017-02-15 17:56:42.120816+05:30	ID	4	59	15
246	2017-02-15 17:57:04.161006+05:30	2017-02-15 17:57:04.161031+05:30	PR	4	60	19
247	2017-02-15 17:57:19.191763+05:30	2017-02-15 17:57:19.191803+05:30	ID	4	60	19
248	2017-02-15 18:38:19.121388+05:30	2017-02-15 18:38:19.12141+05:30	MA	4	7	62
249	2017-02-15 18:38:29.147402+05:30	2017-02-15 18:38:29.147425+05:30	ID	4	7	62
250	2017-02-15 18:47:35.369863+05:30	2017-02-15 18:47:35.369902+05:30	MA	4	7	62
251	2017-02-15 18:47:40.902529+05:30	2017-02-15 18:47:40.902555+05:30	ID	4	7	62
252	2017-02-15 18:52:00.318043+05:30	2017-02-15 18:52:00.318065+05:30	MA	4	30	62
253	2017-02-15 18:52:13.037059+05:30	2017-02-15 18:52:13.037081+05:30	ID	4	30	62
254	2017-02-15 18:52:24.561649+05:30	2017-02-15 18:52:24.561671+05:30	MA	4	28	62
255	2017-02-15 18:52:30.23802+05:30	2017-02-15 18:52:30.238053+05:30	PR	4	28	62
256	2017-02-15 18:52:36.2508+05:30	2017-02-15 18:52:36.250822+05:30	MA	4	29	62
257	2017-02-15 18:52:44.511881+05:30	2017-02-15 18:52:44.511903+05:30	IN	4	29	62
258	2017-02-15 18:52:53.736158+05:30	2017-02-15 18:52:53.736182+05:30	MA	4	31	62
259	2017-02-15 18:53:00.988471+05:30	2017-02-15 18:53:00.988491+05:30	ID	4	31	62
260	2017-02-15 18:57:25.122769+05:30	2017-02-15 18:57:25.122808+05:30	MA	4	29	62
261	2017-02-15 18:57:32.63346+05:30	2017-02-15 18:57:32.633481+05:30	IN	4	29	62
262	2017-02-15 19:01:47.550079+05:30	2017-02-15 19:01:47.550101+05:30	MA	4	59	62
263	2017-02-15 19:01:53.096674+05:30	2017-02-15 19:01:53.096696+05:30	ID	4	59	62
264	2017-02-15 19:02:25.228425+05:30	2017-02-15 19:02:25.228462+05:30	MA	4	61	62
265	2017-02-15 19:02:29.866063+05:30	2017-02-15 19:02:29.866099+05:30	ID	4	61	62
266	2017-02-15 19:02:56.280248+05:30	2017-02-15 19:02:56.280273+05:30	MA	4	60	62
267	2017-02-15 19:03:04.945734+05:30	2017-02-15 19:03:04.945756+05:30	ID	4	60	62
268	2017-02-15 19:03:12.729982+05:30	2017-02-15 19:03:12.730004+05:30	MA	4	62	62
269	2017-02-15 19:03:19.32086+05:30	2017-02-15 19:03:19.3209+05:30	IN	4	62	62
270	2017-02-15 19:03:24.113052+05:30	2017-02-15 19:03:24.113084+05:30	MA	4	62	62
271	2017-02-15 19:03:29.402818+05:30	2017-02-15 19:03:29.402841+05:30	IN	4	62	62
272	2017-02-15 19:11:08.077669+05:30	2017-02-15 19:11:08.077695+05:30	MA	4	53	62
273	2017-02-15 19:11:14.371379+05:30	2017-02-15 19:11:14.371403+05:30	PR	4	53	62
274	2017-02-15 19:11:37.114536+05:30	2017-02-15 19:11:37.114557+05:30	MA	4	55	62
275	2017-02-15 19:11:45.791714+05:30	2017-02-15 19:11:45.791736+05:30	PR	4	55	62
276	2017-02-15 19:11:53.183551+05:30	2017-02-15 19:11:53.183585+05:30	MA	4	58	62
277	2017-02-15 19:11:58.81516+05:30	2017-02-15 19:11:58.815179+05:30	PR	4	58	62
278	2017-02-15 19:12:04.781174+05:30	2017-02-15 19:12:04.781218+05:30	MA	4	66	62
279	2017-02-15 19:12:08.827576+05:30	2017-02-15 19:12:08.827598+05:30	PR	4	66	62
280	2017-02-15 19:12:13.069234+05:30	2017-02-15 19:12:13.069257+05:30	MA	4	54	62
281	2017-02-15 19:12:17.274587+05:30	2017-02-15 19:12:17.27461+05:30	PR	4	54	62
282	2017-02-15 19:19:14.992751+05:30	2017-02-15 19:19:14.992772+05:30	IN	4	52	62
283	2017-02-15 19:19:18.822741+05:30	2017-02-15 19:19:18.82278+05:30	PR	4	52	62
284	2017-02-15 19:19:25.153682+05:30	2017-02-15 19:19:25.153708+05:30	IN	4	49	62
285	2017-02-15 19:19:29.564511+05:30	2017-02-15 19:19:29.564542+05:30	ID	4	49	62
286	2017-02-15 19:19:34.434808+05:30	2017-02-15 19:19:34.434841+05:30	IN	4	49	62
287	2017-02-15 19:19:38.077861+05:30	2017-02-15 19:19:38.077883+05:30	ID	4	49	62
288	2017-02-15 19:19:49.88625+05:30	2017-02-15 19:19:49.886271+05:30	IN	4	48	62
289	2017-02-15 19:19:52.264203+05:30	2017-02-15 19:19:52.264231+05:30	PR	4	48	62
290	2017-02-15 19:21:46.879751+05:30	2017-02-15 19:21:46.879774+05:30	MA	4	49	62
291	2017-02-15 19:21:58.070283+05:30	2017-02-15 19:21:58.070304+05:30	ID	4	49	62
292	2017-02-15 19:24:41.941064+05:30	2017-02-15 19:24:41.941086+05:30	IN	4	26	62
293	2017-02-15 19:24:46.654919+05:30	2017-02-15 19:24:46.65494+05:30	ID	4	26	62
294	2017-02-15 19:24:55.489807+05:30	2017-02-15 19:24:55.489847+05:30	IN	4	27	62
295	2017-02-15 19:25:00.073718+05:30	2017-02-15 19:25:00.07374+05:30	ID	4	27	62
296	2017-02-15 19:25:08.536742+05:30	2017-02-15 19:25:08.536773+05:30	IN	4	38	62
297	2017-02-15 19:25:10.898882+05:30	2017-02-15 19:25:10.898903+05:30	PR	4	38	62
298	2017-02-15 19:29:57.780744+05:30	2017-02-15 19:29:57.780768+05:30	MA	4	27	62
299	2017-02-15 19:30:02.852646+05:30	2017-02-15 19:30:02.852669+05:30	ID	4	27	62
300	2017-02-15 19:30:55.351668+05:30	2017-02-15 19:30:55.351708+05:30	MA	4	27	62
301	2017-02-15 19:31:01.960953+05:30	2017-02-15 19:31:01.960974+05:30	ID	4	27	62
302	2017-02-15 19:40:27.85889+05:30	2017-02-15 19:40:27.858912+05:30	MA	4	27	62
303	2017-02-15 19:40:34.142571+05:30	2017-02-15 19:40:34.142596+05:30	ID	4	27	62
304	2017-02-15 19:44:14.072148+05:30	2017-02-15 19:44:14.072174+05:30	PR	4	45	62
305	2017-02-15 19:44:18.063365+05:30	2017-02-15 19:44:18.063391+05:30	IN	4	45	62
306	2017-02-15 19:44:23.753867+05:30	2017-02-15 19:44:23.75389+05:30	PR	4	45	62
307	2017-02-15 19:44:27.24206+05:30	2017-02-15 19:44:27.242084+05:30	IN	4	45	62
308	2017-02-15 19:44:50.154107+05:30	2017-02-15 19:44:50.154137+05:30	ID	4	46	62
309	2017-02-15 19:44:53.160732+05:30	2017-02-15 19:44:53.160753+05:30	IN	4	46	62
310	2017-02-15 19:45:03.815443+05:30	2017-02-15 19:45:03.815464+05:30	PR	4	44	62
311	2017-02-15 19:46:52.278021+05:30	2017-02-15 19:46:52.278048+05:30	MA	4	45	62
312	2017-02-15 19:46:54.887796+05:30	2017-02-15 19:46:54.887831+05:30	IN	4	45	62
313	2017-02-15 19:46:59.191644+05:30	2017-02-15 19:46:59.191674+05:30	MA	4	67	62
314	2017-02-15 19:47:03.116202+05:30	2017-02-15 19:47:03.116242+05:30	ID	4	67	62
315	2017-02-15 19:50:40.136014+05:30	2017-02-15 19:50:40.136044+05:30	MA	4	45	62
316	2017-02-15 19:50:45.384218+05:30	2017-02-15 19:50:45.38424+05:30	IN	4	45	62
317	2017-02-15 19:52:28.701123+05:30	2017-02-15 19:52:28.70115+05:30	MA	4	7	62
318	2017-02-15 19:52:45.72358+05:30	2017-02-15 19:52:45.723603+05:30	ID	4	7	62
319	2017-02-15 19:55:15.043292+05:30	2017-02-15 19:55:15.043314+05:30	MA	4	30	62
320	2017-02-15 19:56:00.911775+05:30	2017-02-15 19:56:00.911796+05:30	ID	4	30	62
321	2017-02-15 19:56:21.495948+05:30	2017-02-15 19:56:21.495969+05:30	MA	4	30	62
322	2017-02-15 19:57:28.466167+05:30	2017-02-15 19:57:28.466188+05:30	ID	4	30	62
323	2017-02-15 20:00:59.382934+05:30	2017-02-15 20:00:59.382961+05:30	MA	4	61	62
324	2017-02-15 20:01:05.737882+05:30	2017-02-15 20:01:05.737909+05:30	ID	4	61	62
325	2017-02-15 20:01:47.508584+05:30	2017-02-15 20:01:47.508607+05:30	MA	4	66	62
326	2017-02-15 20:01:50.878007+05:30	2017-02-15 20:01:50.878035+05:30	ID	4	66	62
327	2017-02-15 20:01:54.864542+05:30	2017-02-15 20:01:54.864564+05:30	PR	4	66	62
328	2017-02-15 20:03:23.825736+05:30	2017-02-15 20:03:23.825757+05:30	MA	4	49	62
329	2017-02-15 20:03:32.18529+05:30	2017-02-15 20:03:32.185312+05:30	ID	4	49	62
330	2017-02-15 20:04:08.434143+05:30	2017-02-15 20:04:08.434166+05:30	MA	4	27	62
331	2017-02-15 20:04:17.628846+05:30	2017-02-15 20:04:17.628867+05:30	ID	4	27	62
332	2017-02-15 20:04:41.602976+05:30	2017-02-15 20:04:41.602998+05:30	MA	4	67	62
333	2017-02-15 20:04:49.658546+05:30	2017-02-15 20:04:49.65857+05:30	ID	4	67	62
334	2017-02-15 20:06:23.297563+05:30	2017-02-15 20:06:23.297584+05:30	ID	4	44	62
335	2017-02-15 20:06:26.693494+05:30	2017-02-15 20:06:26.693546+05:30	IN	4	44	62
336	2017-02-16 10:52:17.82534+05:30	2017-02-16 10:52:17.825361+05:30	PR	4	60	19
337	2017-02-16 12:22:00.182507+05:30	2017-02-16 12:22:00.182529+05:30	ID	4	60	19
338	2017-02-16 14:32:43.400809+05:30	2017-02-16 14:32:43.400831+05:30	PR	4	59	15
339	2017-02-16 14:32:56.582422+05:30	2017-02-16 14:32:56.582463+05:30	IN	4	59	15
340	2017-02-16 15:16:24.354733+05:30	2017-02-16 15:16:24.354756+05:30	PR	4	27	9
341	2017-02-16 15:18:03.505922+05:30	2017-02-16 15:18:03.505944+05:30	PR	4	60	56
342	2017-02-16 15:18:48.476398+05:30	2017-02-16 15:18:48.476419+05:30	ID	4	60	56
343	2017-02-16 15:34:35.245644+05:30	2017-02-16 15:34:35.245669+05:30	MA	4	26	7
344	2017-02-16 15:38:13.162141+05:30	2017-02-16 15:38:13.162162+05:30	IN	4	60	15
345	2017-02-16 15:44:54.01536+05:30	2017-02-16 15:44:54.015391+05:30	ID	4	26	7
346	2017-02-17 13:14:58.142413+05:30	2017-02-17 13:14:58.142436+05:30	PR	4	67	51
347	2017-02-17 13:15:04.170634+05:30	2017-02-17 13:15:04.170655+05:30	IN	4	67	51
348	2017-02-17 13:15:48.697645+05:30	2017-02-17 13:15:48.697667+05:30	PR	4	67	51
349	2017-02-17 13:15:52.652328+05:30	2017-02-17 13:15:52.652353+05:30	IN	4	67	51
350	2017-02-17 13:16:42.374484+05:30	2017-02-17 13:16:42.374518+05:30	IN	4	16	55
351	2017-02-17 13:16:55.318261+05:30	2017-02-17 13:16:55.318283+05:30	PR	4	16	55
352	2017-02-17 13:41:24.260281+05:30	2017-02-17 13:41:24.260321+05:30	PR	4	26	58
353	2017-02-21 16:34:51.02476+05:30	2017-02-21 16:34:51.024783+05:30	PR	4	30	31
354	2017-02-23 11:05:26.470444+05:30	2017-02-23 11:05:26.470467+05:30	MA	4	15	62
355	2017-02-23 11:05:34.015791+05:30	2017-02-23 11:05:34.015823+05:30	ID	4	15	62
356	2017-02-23 15:24:53.43057+05:30	2017-02-23 15:24:53.430593+05:30	PR	4	27	8
357	2017-02-23 15:42:16.275945+05:30	2017-02-23 15:42:16.275968+05:30	PR	4	44	21
358	2017-02-27 19:21:27.833096+05:30	2017-02-27 19:21:27.833118+05:30	PR	4	53	4
359	2017-02-28 16:30:14.709781+05:30	2017-02-28 16:30:14.709807+05:30	IN	4	26	58
360	2017-02-28 16:30:25.168392+05:30	2017-02-28 16:30:25.168415+05:30	PR	4	26	58
361	2017-03-02 17:09:59.911426+05:30	2017-03-02 17:09:59.911448+05:30	ID	4	28	10
362	2017-03-06 11:13:48.849029+05:30	2017-03-06 11:13:48.849058+05:30	PR	4	29	62
363	2017-03-06 11:13:51.742173+05:30	2017-03-06 11:13:51.742194+05:30	IN	4	29	62
364	2017-03-06 11:14:12.789556+05:30	2017-03-06 11:14:12.789598+05:30	IN	4	31	62
365	2017-03-06 11:14:21.859033+05:30	2017-03-06 11:14:21.859056+05:30	ID	4	31	62
366	2017-03-06 14:17:24.367138+05:30	2017-03-06 14:17:24.367169+05:30	PR	4	67	51
367	2017-03-06 16:21:19.069118+05:30	2017-03-06 16:21:19.069142+05:30	PR	4	14	62
368	2017-03-06 16:22:22.730474+05:30	2017-03-06 16:22:22.730496+05:30	ID	4	14	62
369	2017-03-06 18:06:18.520732+05:30	2017-03-06 18:06:18.520765+05:30	ID	4	52	9
370	2017-03-06 18:06:50.610173+05:30	2017-03-06 18:06:50.610196+05:30	IN	4	50	9
371	2017-03-06 18:09:25.26146+05:30	2017-03-06 18:09:25.261485+05:30	PR	4	28	9
372	2017-03-07 11:03:06.851218+05:30	2017-03-07 11:03:06.851241+05:30	IN	4	26	62
373	2017-03-07 13:37:38.708493+05:30	2017-03-07 13:37:38.708515+05:30	IN	4	7	62
374	2017-03-07 13:37:41.596875+05:30	2017-03-07 13:37:41.5969+05:30	ID	4	7	62
375	2017-03-07 13:44:31.042608+05:30	2017-03-07 13:44:31.042631+05:30	ID	4	67	51
376	2017-03-07 14:25:15.893423+05:30	2017-03-07 14:25:15.893446+05:30	ID	4	61	20
377	2017-03-07 14:44:06.696101+05:30	2017-03-07 14:44:06.696125+05:30	IN	4	16	11
378	2017-03-07 14:51:14.395846+05:30	2017-03-07 14:51:14.395868+05:30	ID	4	59	62
379	2017-03-07 14:51:20.511378+05:30	2017-03-07 14:51:20.51141+05:30	IN	4	59	62
380	2017-03-07 15:13:32.884764+05:30	2017-03-07 15:13:32.884799+05:30	IN	4	7	14
381	2017-03-07 15:20:43.727845+05:30	2017-03-07 15:20:43.727881+05:30	ID	4	58	4
382	2017-03-07 15:22:02.578142+05:30	2017-03-07 15:22:02.578166+05:30	IN	4	44	62
383	2017-03-07 17:08:58.153011+05:30	2017-03-07 17:08:58.153036+05:30	ID	4	18	62
384	2017-03-07 18:33:40.575776+05:30	2017-03-07 18:33:40.5758+05:30	ID	4	38	62
385	2017-03-08 16:31:26.929608+05:30	2017-03-08 16:31:26.929642+05:30	PR	4	60	56
386	2017-03-08 16:31:44.367689+05:30	2017-03-08 16:31:44.367726+05:30	PR	4	59	56
387	2017-03-08 16:32:29.564573+05:30	2017-03-08 16:32:29.564611+05:30	PR	4	29	56
388	2017-03-08 17:45:38.057729+05:30	2017-03-08 17:45:38.05775+05:30	PR	4	28	10
389	2017-03-08 18:30:44.470824+05:30	2017-03-08 18:30:44.470845+05:30	IN	4	14	62
390	2017-03-08 18:30:50.475762+05:30	2017-03-08 18:30:50.475783+05:30	ID	4	14	62
391	2017-03-08 18:30:59.934007+05:30	2017-03-08 18:30:59.934029+05:30	IN	4	14	62
392	2017-03-08 18:31:09.858931+05:30	2017-03-08 18:31:09.858958+05:30	ID	4	14	62
393	2017-03-08 19:33:26.149496+05:30	2017-03-08 19:33:26.149519+05:30	IN	4	60	56
394	2017-03-08 19:33:36.989252+05:30	2017-03-08 19:33:36.989275+05:30	IN	4	59	56
395	2017-03-08 21:11:44.712374+05:30	2017-03-08 21:11:44.712402+05:30	IN	4	29	56
396	2017-03-09 13:01:58.688964+05:30	2017-03-09 13:01:58.688986+05:30	PR	4	16	55
397	2017-03-09 14:43:11.784078+05:30	2017-03-09 14:43:11.784099+05:30	PR	4	29	56
398	2017-03-09 15:11:22.977766+05:30	2017-03-09 15:11:22.977794+05:30	PR	4	44	68
399	2017-03-09 15:11:26.711951+05:30	2017-03-09 15:11:26.711974+05:30	IN	4	44	68
400	2017-03-09 15:11:29.636953+05:30	2017-03-09 15:11:29.636991+05:30	PR	4	44	68
401	2017-03-09 18:39:19.657334+05:30	2017-03-09 18:39:19.657356+05:30	ID	4	29	56
402	2017-03-09 19:20:30.691303+05:30	2017-03-09 19:20:30.691327+05:30	IN	4	44	68
403	2017-03-09 19:56:31.352267+05:30	2017-03-09 19:56:31.352287+05:30	ID	4	16	62
404	2017-03-10 09:13:30.169793+05:30	2017-03-10 09:13:30.169815+05:30	ID	4	28	62
405	2017-03-10 14:57:41.946703+05:30	2017-03-10 14:57:41.946725+05:30	PR	4	28	62
406	2017-03-10 14:58:18.891366+05:30	2017-03-10 14:58:18.891389+05:30	PR	4	29	56
407	2017-03-10 17:11:59.645158+05:30	2017-03-10 17:11:59.645188+05:30	ID	4	29	56
408	2017-03-10 18:02:57.304737+05:30	2017-03-10 18:02:57.304784+05:30	PR	4	59	56
409	2017-03-10 19:13:24.133654+05:30	2017-03-10 19:13:24.133677+05:30	ID	4	28	10
410	2017-03-10 20:24:36.036133+05:30	2017-03-10 20:24:36.036157+05:30	ID	4	59	56
411	2017-03-10 20:24:50.154178+05:30	2017-03-10 20:24:50.154201+05:30	ID	4	60	56
412	2017-03-13 13:47:24.543564+05:30	2017-03-13 13:47:24.543586+05:30	PR	4	30	16
413	2017-03-13 16:57:24.192943+05:30	2017-03-13 16:57:24.192966+05:30	PR	4	66	57
414	2017-03-13 16:59:09.893704+05:30	2017-03-13 16:59:09.893726+05:30	IN	4	66	57
415	2017-03-13 17:56:41.633139+05:30	2017-03-13 17:56:41.633163+05:30	PR	4	66	57
416	2017-03-14 09:19:10.400232+05:30	2017-03-14 09:19:10.400254+05:30	ID	4	30	16
417	2017-03-15 10:53:39.553804+05:30	2017-03-15 10:53:39.553835+05:30	PR	4	29	56
418	2017-03-15 12:03:57.108497+05:30	2017-03-15 12:03:57.108519+05:30	PR	4	61	20
419	2017-03-15 13:48:51.897154+05:30	2017-03-15 13:48:51.897177+05:30	PR	4	59	56
420	2017-03-15 13:49:00.297554+05:30	2017-03-15 13:49:00.297578+05:30	PR	4	60	56
421	2017-03-15 17:08:33.947884+05:30	2017-03-15 17:08:33.947907+05:30	ID	4	29	56
422	2017-03-15 17:08:54.05157+05:30	2017-03-15 17:08:54.051592+05:30	ID	4	60	56
423	2017-03-15 17:09:02.206199+05:30	2017-03-15 17:09:02.206222+05:30	ID	4	59	56
424	2017-03-16 09:12:50.706236+05:30	2017-03-16 09:12:50.706262+05:30	ID	4	61	62
425	2017-03-16 14:51:37.263619+05:30	2017-03-16 14:51:37.263641+05:30	PR	4	60	19
426	2017-03-16 14:52:00.743892+05:30	2017-03-16 14:52:00.743916+05:30	IN	4	60	19
427	2017-03-16 15:44:41.076402+05:30	2017-03-16 15:44:41.076425+05:30	PR	4	29	56
428	2017-03-16 15:45:01.849798+05:30	2017-03-16 15:45:01.849822+05:30	PR	4	60	56
429	2017-03-16 15:45:13.448077+05:30	2017-03-16 15:45:13.448099+05:30	IN	4	59	56
430	2017-03-16 15:50:24.038845+05:30	2017-03-16 15:50:24.038868+05:30	IN	4	29	24
431	2017-03-16 16:16:53.841381+05:30	2017-03-16 16:16:53.841402+05:30	PR	4	59	19
432	2017-03-16 16:17:13.232983+05:30	2017-03-16 16:17:13.233004+05:30	ID	4	59	19
433	2017-03-16 16:37:44.365329+05:30	2017-03-16 16:37:44.365355+05:30	ID	4	29	56
434	2017-03-16 16:38:03.739644+05:30	2017-03-16 16:38:03.739666+05:30	ID	4	60	19
435	2017-03-16 16:40:07.285427+05:30	2017-03-16 16:40:07.28545+05:30	PR	4	44	21
436	2017-03-17 19:34:41.748896+05:30	2017-03-17 19:34:41.748918+05:30	ID	4	27	9
437	2017-03-17 19:59:48.464608+05:30	2017-03-17 19:59:48.46463+05:30	ID	4	44	67
438	2017-03-20 16:43:41.386104+05:30	2017-03-20 16:43:41.386133+05:30	IN	4	44	21
439	2017-03-20 17:45:32.553532+05:30	2017-03-20 17:45:32.553563+05:30	PR	4	30	31
440	2017-03-20 22:57:56.590246+05:30	2017-03-20 22:57:56.590268+05:30	ID	4	44	21
441	2017-03-20 22:58:13.544449+05:30	2017-03-20 22:58:13.544483+05:30	IN	4	44	67
442	2017-03-20 22:58:16.673078+05:30	2017-03-20 22:58:16.6731+05:30	ID	4	44	67
443	2017-03-21 11:42:07.473698+05:30	2017-03-21 11:42:07.473721+05:30	PR	4	50	9
444	2017-03-21 11:44:55.464332+05:30	2017-03-21 11:44:55.464355+05:30	PR	4	27	9
445	2017-03-21 12:02:23.876437+05:30	2017-03-21 12:02:23.876459+05:30	IN	4	66	57
446	2017-03-21 13:25:13.304565+05:30	2017-03-21 13:25:13.304586+05:30	ID	4	30	16
447	2017-03-21 13:31:03.34154+05:30	2017-03-21 13:31:03.341562+05:30	IN	4	44	67
448	2017-03-21 15:38:25.572732+05:30	2017-03-21 15:38:25.572755+05:30	IN	4	29	24
449	2017-03-21 15:54:52.829661+05:30	2017-03-21 15:54:52.829705+05:30	ID	4	29	24
450	2017-03-21 16:18:27.125654+05:30	2017-03-21 16:18:27.125681+05:30	ID	4	30	31
451	2017-03-21 16:35:17.664495+05:30	2017-03-21 16:35:17.664517+05:30	PR	4	60	56
452	2017-03-21 16:35:26.708554+05:30	2017-03-21 16:35:26.708576+05:30	PR	4	59	56
453	2017-03-21 16:37:37.950213+05:30	2017-03-21 16:37:37.950236+05:30	ID	4	60	56
454	2017-03-21 16:37:48.774396+05:30	2017-03-21 16:37:48.774418+05:30	ID	4	59	56
455	2017-03-21 16:41:01.117934+05:30	2017-03-21 16:41:01.117957+05:30	PR	4	28	62
456	2017-03-21 16:53:05.373444+05:30	2017-03-21 16:53:05.37347+05:30	PR	4	44	21
457	2017-03-21 16:53:43.413593+05:30	2017-03-21 16:53:43.413625+05:30	IN	4	44	21
458	2017-03-22 13:55:40.920967+05:30	2017-03-22 13:55:40.92099+05:30	ID	4	44	67
459	2017-03-22 19:47:51.354822+05:30	2017-03-22 19:47:51.354845+05:30	IN	4	44	67
460	2017-03-22 19:53:41.077466+05:30	2017-03-22 19:53:41.077489+05:30	ID	4	44	67
461	2017-03-23 15:14:08.449818+05:30	2017-03-23 15:14:08.44984+05:30	IN	4	44	21
462	2017-03-24 13:35:50.703819+05:30	2017-03-24 13:35:50.703858+05:30	PR	4	16	55
463	2017-03-24 20:03:07.898512+05:30	2017-03-24 20:03:07.898534+05:30	ID	4	27	9
464	2017-03-24 20:04:45.921762+05:30	2017-03-24 20:04:45.921785+05:30	ID	4	50	9
465	2017-03-24 20:04:54.305015+05:30	2017-03-24 20:04:54.305038+05:30	ID	4	48	9
466	2017-03-27 11:27:08.356375+05:30	2017-03-27 11:27:08.356399+05:30	PR	4	62	62
467	2017-03-27 11:38:14.016631+05:30	2017-03-27 11:38:14.016653+05:30	PR	4	61	20
468	2017-03-27 16:22:42.213425+05:30	2017-03-27 16:22:42.213448+05:30	PR	4	27	9
469	2017-03-27 16:23:36.386283+05:30	2017-03-27 16:23:36.386314+05:30	PR	4	50	9
470	2017-03-27 16:50:31.779823+05:30	2017-03-27 16:50:31.779846+05:30	PR	4	16	55
471	2017-03-27 18:50:18.291984+05:30	2017-03-27 18:50:18.292007+05:30	ID	4	61	20
472	2017-03-28 14:29:06.394378+05:30	2017-03-28 14:29:06.394415+05:30	PR	4	30	31
473	2017-03-28 17:39:08.133712+05:30	2017-03-28 17:39:08.133735+05:30	ID	4	27	9
474	2017-03-28 17:39:40.161185+05:30	2017-03-28 17:39:40.16124+05:30	ID	4	50	9
475	2017-03-30 14:49:45.2547+05:30	2017-03-30 14:49:45.254722+05:30	PR	4	48	28
476	2017-03-31 11:11:33.491549+05:30	2017-03-31 11:11:33.491573+05:30	IN	38	15	62
477	2017-03-31 11:11:40.700385+05:30	2017-03-31 11:11:40.700408+05:30	ID	38	15	62
478	2017-03-31 11:29:15.135502+05:30	2017-03-31 11:29:15.135526+05:30	PR	19	28	62
479	2017-03-31 12:32:40.992823+05:30	2017-03-31 12:32:40.992846+05:30	ID	19	28	62
480	2017-03-31 12:33:17.079413+05:30	2017-03-31 12:33:17.079439+05:30	PR	19	28	63
481	2017-03-31 18:24:39.640623+05:30	2017-03-31 18:24:39.640647+05:30	ID	55	44	21
482	2017-04-03 17:41:16.92774+05:30	2017-04-03 17:41:16.927761+05:30	PR	8	50	9
483	2017-04-04 16:09:24.589147+05:30	2017-04-04 16:09:24.589178+05:30	PR	32	16	55
484	2017-04-05 14:09:49.969783+05:30	2017-04-05 14:09:49.969807+05:30	ID	32	16	55
485	2017-04-05 20:55:59.616904+05:30	2017-04-05 20:55:59.616926+05:30	ID	8	50	9
486	2017-04-05 20:57:08.334175+05:30	2017-04-05 20:57:08.334197+05:30	PR	9	27	9
487	2017-04-06 11:22:10.85265+05:30	2017-04-06 11:22:10.852678+05:30	MA	28	43	30
488	2017-04-06 12:07:33.897482+05:30	2017-04-06 12:07:33.897508+05:30	PR	8	50	9
489	2017-04-06 12:07:44.467239+05:30	2017-04-06 12:07:44.467262+05:30	ID	10	48	9
490	2017-04-06 13:11:37.08507+05:30	2017-04-06 13:11:37.085092+05:30	IN	28	43	30
491	2017-04-06 20:29:45.493642+05:30	2017-04-06 20:29:45.493666+05:30	ID	28	43	26
492	2017-04-07 18:35:34.722114+05:30	2017-04-07 18:35:34.722137+05:30	ID	9	27	9
493	2017-04-07 18:36:15.545368+05:30	2017-04-07 18:36:15.54539+05:30	ID	8	50	9
494	2017-04-10 13:25:58.729354+05:30	2017-04-10 13:25:58.729391+05:30	MA	28	43	30
495	2017-04-10 17:51:18.532452+05:30	2017-04-10 17:51:18.532473+05:30	PR	28	43	30
496	2017-04-11 20:14:14.022579+05:30	2017-04-11 20:14:14.0226+05:30	PR	9	27	9
497	2017-04-13 11:48:31.744255+05:30	2017-04-13 11:48:31.744278+05:30	PR	32	16	55
498	2017-04-13 15:17:46.236051+05:30	2017-04-13 15:17:46.236092+05:30	IN	55	44	67
499	2017-04-13 15:35:03.303601+05:30	2017-04-13 15:35:03.303625+05:30	ID	55	44	67
500	2017-04-13 17:18:59.731668+05:30	2017-04-13 17:18:59.731691+05:30	ID	32	16	62
501	2017-04-13 17:19:09.970044+05:30	2017-04-13 17:19:09.970067+05:30	PR	32	16	62
502	2017-04-13 17:28:02.75081+05:30	2017-04-13 17:28:02.750834+05:30	ID	19	28	10
503	2017-04-13 17:28:15.834565+05:30	2017-04-13 17:28:15.834588+05:30	PR	19	28	10
504	2017-04-13 18:26:33.007708+05:30	2017-04-13 18:26:33.00773+05:30	PR	8	50	9
505	2017-04-13 19:12:20.670419+05:30	2017-04-13 19:12:20.670457+05:30	ID	9	27	9
506	2017-04-13 19:13:01.324511+05:30	2017-04-13 19:13:01.324533+05:30	ID	8	50	9
507	2017-04-13 19:13:04.942519+05:30	2017-04-13 19:13:04.942542+05:30	IN	8	50	9
508	2017-04-13 19:13:19.370062+05:30	2017-04-13 19:13:19.370086+05:30	ID	8	50	9
509	2017-04-17 15:09:50.54927+05:30	2017-04-17 15:09:50.549293+05:30	MA	19	28	28
510	2017-04-17 17:22:10.776665+05:30	2017-04-17 17:22:10.776687+05:30	PR	19	28	28
511	2017-04-18 15:28:31.992338+05:30	2017-04-18 15:28:31.99236+05:30	PR	8	50	9
512	2017-04-19 11:20:28.742892+05:30	2017-04-19 11:20:28.742917+05:30	PR	32	16	55
513	2017-04-19 11:53:45.902085+05:30	2017-04-19 11:53:45.902109+05:30	ID	32	16	55
514	2017-04-19 16:34:00.440387+05:30	2017-04-19 16:34:00.440408+05:30	PR	32	16	55
515	2017-04-19 17:01:46.93273+05:30	2017-04-19 17:01:46.932753+05:30	ID	32	16	55
516	2017-04-24 09:21:40.349253+05:30	2017-04-24 09:21:40.349283+05:30	ID	28	43	62
517	2017-04-24 12:10:16.457352+05:30	2017-04-24 12:10:16.457376+05:30	IN	28	43	62
518	2017-04-24 12:10:20.370372+05:30	2017-04-24 12:10:20.370395+05:30	ID	28	43	62
519	2017-04-24 13:09:04.659763+05:30	2017-04-24 13:09:04.659786+05:30	PR	35	14	62
520	2017-04-24 13:09:10.065641+05:30	2017-04-24 13:09:10.065664+05:30	ID	35	14	62
521	2017-04-24 13:11:50.95776+05:30	2017-04-24 13:11:50.957802+05:30	ID	26	62	62
522	2017-04-24 13:12:30.11143+05:30	2017-04-24 13:12:30.111452+05:30	ID	11	55	62
523	2017-04-24 13:12:38.790221+05:30	2017-04-24 13:12:38.790243+05:30	ID	13	54	62
524	2017-04-24 13:12:44.639579+05:30	2017-04-24 13:12:44.639602+05:30	ID	12	53	62
525	2017-04-24 13:15:30.591614+05:30	2017-04-24 13:15:30.591639+05:30	ID	8	50	62
526	2017-04-24 13:18:47.372073+05:30	2017-04-24 13:18:47.372103+05:30	ID	19	28	62
527	2017-04-24 13:21:15.715434+05:30	2017-04-24 13:21:15.715458+05:30	PR	35	14	62
528	2017-04-24 13:21:29.946655+05:30	2017-04-24 13:21:29.946691+05:30	ID	35	14	62
529	2017-04-24 14:10:06.065153+05:30	2017-04-24 14:10:06.065178+05:30	IN	19	28	62
530	2017-04-24 14:10:31.466302+05:30	2017-04-24 14:10:31.466324+05:30	ID	19	28	62
531	2017-04-24 14:24:47.432308+05:30	2017-04-24 14:24:47.43233+05:30	IN	19	28	62
532	2017-04-24 14:26:20.588434+05:30	2017-04-24 14:26:20.588469+05:30	ID	19	28	62
533	2017-04-24 14:34:39.383705+05:30	2017-04-24 14:34:39.383728+05:30	IN	38	15	62
534	2017-04-24 14:34:43.295571+05:30	2017-04-24 14:34:43.295593+05:30	ID	38	15	62
535	2017-04-24 16:56:28.853281+05:30	2017-04-24 16:56:28.853304+05:30	ID	19	28	62
536	2017-04-25 15:04:47.716263+05:30	2017-04-25 15:04:47.716288+05:30	ID	28	43	30
537	2017-04-25 15:04:49.954643+05:30	2017-04-25 15:04:49.954667+05:30	PR	28	43	30
538	2017-04-25 17:39:00.367072+05:30	2017-04-25 17:39:00.367096+05:30	PR	72	29	56
539	2017-04-25 17:39:23.676145+05:30	2017-04-25 17:39:23.676168+05:30	PR	63	60	56
540	2017-04-25 17:39:31.563953+05:30	2017-04-25 17:39:31.563974+05:30	PR	61	59	56
541	2017-04-25 17:42:58.148659+05:30	2017-04-25 17:42:58.148681+05:30	ID	63	60	56
542	2017-04-25 17:43:08.999697+05:30	2017-04-25 17:43:08.99972+05:30	ID	61	59	56
543	2017-04-25 17:43:38.610681+05:30	2017-04-25 17:43:38.610718+05:30	ID	72	29	56
544	2017-04-26 11:30:01.861806+05:30	2017-04-26 11:30:01.861829+05:30	PR	11	55	36
545	2017-04-26 15:10:07.236578+05:30	2017-04-26 15:10:07.236608+05:30	ID	28	43	30
546	2017-04-26 15:43:15.430824+05:30	2017-04-26 15:43:15.430846+05:30	PR	65	61	20
547	2017-04-26 16:25:43.163079+05:30	2017-04-26 16:25:43.163101+05:30	ID	24	61	20
548	2017-04-26 17:05:20.923627+05:30	2017-04-26 17:05:20.923649+05:30	IN	26	62	3
549	2017-04-26 18:54:13.207624+05:30	2017-04-26 18:54:13.207648+05:30	PR	9	27	9
550	2017-04-26 18:54:39.685446+05:30	2017-04-26 18:54:39.685492+05:30	PR	8	50	9
551	2017-04-27 12:36:54.02879+05:30	2017-04-27 12:36:54.028813+05:30	PR	19	28	9
552	2017-04-27 17:05:05.101961+05:30	2017-04-27 17:05:05.101985+05:30	PR	28	43	30
553	2017-04-27 18:54:07.32962+05:30	2017-04-27 18:54:07.329643+05:30	ID	28	43	30
554	2017-04-28 13:47:45.980722+05:30	2017-04-28 13:47:45.980746+05:30	IN	55	44	67
555	2017-04-28 13:47:53.91468+05:30	2017-04-28 13:47:53.914703+05:30	ID	55	44	67
556	2017-04-28 13:48:18.426473+05:30	2017-04-28 13:48:18.426496+05:30	IN	55	44	67
557	2017-04-28 13:48:26.36519+05:30	2017-04-28 13:48:26.365246+05:30	ID	55	44	67
558	2017-05-03 11:44:15.832095+05:30	2017-05-03 11:44:15.832117+05:30	IN	28	43	30
559	2017-05-03 12:08:32.680539+05:30	2017-05-03 12:08:32.680567+05:30	ID	9	27	9
560	2017-05-03 12:57:32.067517+05:30	2017-05-03 12:57:32.06754+05:30	PR	28	43	30
561	2017-05-03 15:40:18.252912+05:30	2017-05-03 15:40:18.252935+05:30	IN	61	59	15
562	2017-05-03 15:40:35.081656+05:30	2017-05-03 15:40:35.081679+05:30	IN	63	60	15
563	2017-05-04 12:59:12.500784+05:30	2017-05-04 12:59:12.500814+05:30	PR	28	43	30
564	2017-05-05 15:35:43.523817+05:30	2017-05-05 15:35:43.523839+05:30	ID	80	26	70
565	2017-05-05 15:37:34.36589+05:30	2017-05-05 15:37:34.365912+05:30	PR	80	26	7
566	2017-05-08 11:20:45.343562+05:30	2017-05-08 11:20:45.343588+05:30	PR	32	16	55
567	2017-05-09 13:34:01.726753+05:30	2017-05-09 13:34:01.726775+05:30	PR	9	27	9
568	2017-05-09 13:35:00.189139+05:30	2017-05-09 13:35:00.189162+05:30	ID	66	50	9
569	2017-05-09 14:41:49.209615+05:30	2017-05-09 14:41:49.20964+05:30	ID	80	26	70
570	2017-05-09 16:26:43.02591+05:30	2017-05-09 16:26:43.025932+05:30	ID	32	16	55
571	2017-05-09 17:02:34.074037+05:30	2017-05-09 17:02:34.07406+05:30	PR	61	59	56
572	2017-05-09 17:02:45.340258+05:30	2017-05-09 17:02:45.340282+05:30	PR	63	60	56
573	2017-05-09 18:37:30.233176+05:30	2017-05-09 18:37:30.233221+05:30	PR	72	29	56
574	2017-05-10 10:55:50.388446+05:30	2017-05-10 10:55:50.388468+05:30	ID	61	59	56
575	2017-05-10 10:56:01.741216+05:30	2017-05-10 10:56:01.741241+05:30	ID	63	60	56
576	2017-05-10 10:56:26.45937+05:30	2017-05-10 10:56:26.459392+05:30	ID	72	29	56
577	2017-05-10 15:33:27.910331+05:30	2017-05-10 15:33:27.910367+05:30	PR	77	18	71
578	2017-05-10 16:22:29.73061+05:30	2017-05-10 16:22:29.730641+05:30	PR	61	59	56
579	2017-05-10 16:42:28.29128+05:30	2017-05-10 16:42:28.291302+05:30	PR	80	26	70
580	2017-05-10 17:43:36.813746+05:30	2017-05-10 17:43:36.813768+05:30	IN	61	59	15
581	2017-05-10 21:58:01.723462+05:30	2017-05-10 21:58:01.723486+05:30	ID	80	26	70
582	2017-05-10 21:58:12.149985+05:30	2017-05-10 21:58:12.15002+05:30	ID	77	18	70
583	2017-05-12 12:33:52.147094+05:30	2017-05-12 12:33:52.147116+05:30	PR	10	48	28
584	2017-05-12 15:20:42.884278+05:30	2017-05-12 15:20:42.884299+05:30	PR	47	58	36
585	2017-05-12 16:59:25.051125+05:30	2017-05-12 16:59:25.051151+05:30	PR	66	50	9
586	2017-05-15 18:25:22.052172+05:30	2017-05-15 18:25:22.052204+05:30	PR	80	26	70
587	2017-05-15 21:15:57.377594+05:30	2017-05-15 21:15:57.377625+05:30	ID	80	26	70
588	2017-05-16 16:18:43.658799+05:30	2017-05-16 16:18:43.658823+05:30	PR	32	16	55
589	2017-05-16 16:34:26.000029+05:30	2017-05-16 16:34:26.000053+05:30	IN	61	59	56
590	2017-05-16 17:05:41.223913+05:30	2017-05-16 17:05:41.223941+05:30	IN	26	62	3
591	2017-05-17 11:08:34.809437+05:30	2017-05-17 11:08:34.809459+05:30	ID	61	59	56
592	2017-05-17 18:12:39.345308+05:30	2017-05-17 18:12:39.345332+05:30	IN	61	59	15
593	2017-05-17 18:13:20.124446+05:30	2017-05-17 18:13:20.124469+05:30	ID	61	59	15
594	2017-05-18 15:35:17.35646+05:30	2017-05-18 15:35:17.356489+05:30	IN	55	44	21
595	2017-05-18 16:41:18.209594+05:30	2017-05-18 16:41:18.209621+05:30	IN	61	59	15
596	2017-05-18 18:11:08.688785+05:30	2017-05-18 18:11:08.688809+05:30	ID	61	59	56
597	2017-05-19 14:22:54.051079+05:30	2017-05-19 14:22:54.051116+05:30	IN	61	59	15
598	2017-05-19 14:49:18.452891+05:30	2017-05-19 14:49:18.452928+05:30	PR	26	62	3
599	2017-05-19 17:07:32.39249+05:30	2017-05-19 17:07:32.392513+05:30	ID	61	59	15
600	2017-05-19 19:37:05.060073+05:30	2017-05-19 19:37:05.060098+05:30	ID	66	50	9
601	2017-05-19 19:37:28.387727+05:30	2017-05-19 19:37:28.387764+05:30	ID	9	27	9
602	2017-05-22 11:33:56.465165+05:30	2017-05-22 11:33:56.465187+05:30	IN	61	59	15
603	2017-05-22 12:55:26.865939+05:30	2017-05-22 12:55:26.865983+05:30	ID	61	59	15
604	2017-05-22 13:20:12.72782+05:30	2017-05-22 13:20:12.727844+05:30	ID	69	66	3
605	2017-05-22 15:48:00.643322+05:30	2017-05-22 15:48:00.643346+05:30	IN	61	59	15
606	2017-05-23 17:31:55.237264+05:30	2017-05-23 17:31:55.237306+05:30	ID	55	44	21
607	2017-05-24 14:14:57.404714+05:30	2017-05-24 14:14:57.404739+05:30	ID	32	16	55
608	2017-05-26 11:22:31.976804+05:30	2017-05-26 11:22:31.97684+05:30	ID	28	43	30
609	2017-05-26 11:28:22.844809+05:30	2017-05-26 11:28:22.844852+05:30	PR	41	30	62
610	2017-05-26 11:28:27.587356+05:30	2017-05-26 11:28:27.58738+05:30	ID	41	30	62
611	2017-05-26 11:41:00.009557+05:30	2017-05-26 11:41:00.009582+05:30	IN	41	30	62
612	2017-05-26 11:41:07.677635+05:30	2017-05-26 11:41:07.677659+05:30	ID	41	30	62
613	2017-05-29 11:55:21.891124+05:30	2017-05-29 11:55:21.891185+05:30	PR	46	49	5
614	2017-05-29 14:37:24.241099+05:30	2017-05-29 14:37:24.241124+05:30	PR	24	61	20
615	2017-05-29 14:54:26.717104+05:30	2017-05-29 14:54:26.717128+05:30	PR	41	30	31
616	2017-05-29 14:54:40.369125+05:30	2017-05-29 14:54:40.369147+05:30	ID	41	30	31
617	2017-05-29 15:30:40.739621+05:30	2017-05-29 15:30:40.739644+05:30	ID	64	61	20
618	2017-05-29 15:31:11.562989+05:30	2017-05-29 15:31:11.563016+05:30	PR	64	61	20
619	2017-05-29 15:31:52.289363+05:30	2017-05-29 15:31:52.289399+05:30	ID	64	61	20
620	2017-05-29 19:37:16.537819+05:30	2017-05-29 19:37:16.537845+05:30	IN	57	44	67
621	2017-05-29 19:37:27.838927+05:30	2017-05-29 19:37:27.838961+05:30	ID	57	44	67
622	2017-05-30 11:04:42.936481+05:30	2017-05-30 11:04:42.936515+05:30	PR	46	49	25
623	2017-05-30 14:58:28.179589+05:30	2017-05-30 14:58:28.179613+05:30	PR	57	44	69
624	2017-05-31 14:37:30.383751+05:30	2017-05-31 14:37:30.383778+05:30	PR	32	16	55
\.


--
-- Name: bay_logging_id_seq; Type: SEQUENCE SET; Schema: public; Owner: postgres
--

SELECT pg_catalog.setval('bay_logging_id_seq', 624, true);


--
-- Data for Name: bay_project; Type: TABLE DATA; Schema: public; Owner: postgres
--

COPY bay_project (id, created_on, updated_on, name, description) FROM stdin;
4	2017-01-30 18:19:33.487741+05:30	2017-01-30 18:19:33.487776+05:30	Copley XE2 2.62.16 Firmware Testing	\N
5	2017-01-30 18:20:10.747853+05:30	2017-01-30 18:20:10.747877+05:30	Ethercat Switcher Testing	\N
8	2017-01-30 18:22:06.893648+05:30	2017-01-30 18:22:06.893678+05:30	Auto Teach Testing - Hybrid G6 Project Qualification and Testing	\N
9	2017-01-30 18:25:11.478167+05:30	2017-01-30 18:25:11.478225+05:30	M122 New Firmware Qualification	\N
10	2017-01-30 18:40:26.511772+05:30	2017-01-30 18:40:26.511795+05:30	PARC Blade Testing	\N
11	2017-01-30 18:43:31.141097+05:30	2017-01-30 18:43:31.141119+05:30	Duplicating Field Issue For MFIO Controller Board	\N
12	2017-01-30 18:44:19.172587+05:30	2017-01-30 18:44:19.172618+05:30	Qualification of new MF interface, LL interface and Relay boards	\N
13	2017-01-30 18:45:04.936155+05:30	2017-01-30 18:45:04.936179+05:30	Qualification of new UPS and Performance check of new flex motion only image	\N
14	2017-01-30 18:45:35.05402+05:30	2017-01-30 18:45:35.054056+05:30	Qualification of new Flex scanner card	\N
15	2017-01-30 18:46:08.064885+05:30	2017-01-30 18:46:08.064908+05:30	Ecat OEM Qualification and O2 sensor testing	\N
16	2017-01-30 18:46:32.541854+05:30	2017-01-30 18:46:32.541881+05:30	FA on Mitsubishi motor stacks	\N
17	2017-01-30 18:46:48.542792+05:30	2017-01-30 18:46:48.54282+05:30	Ferro-Fluidic Robot Testing	\N
18	2017-01-30 18:47:18.854422+05:30	2017-01-30 18:47:18.854451+05:30	VHP Robot Testing - RTB	\N
19	2017-01-30 18:47:40.750179+05:30	2017-01-30 18:47:40.750203+05:30	HPE Robot Testing - RTB	\N
20	2017-01-30 18:48:12.822649+05:30	2017-01-30 18:48:12.822681+05:30	Cleanroom Parts Inspection	\N
21	2017-01-30 18:48:40.744698+05:30	2017-01-30 18:48:40.744719+05:30	Plasma Characterization for ICP-E3 project	\N
22	2017-01-30 18:51:11.746348+05:30	2017-01-30 18:51:11.746382+05:30	Heat Loss Analysis from HX for ICP-E3 Project	\N
23	2017-01-30 18:51:49.374898+05:30	2017-01-30 18:51:49.374924+05:30	Test data recording for new heat sink solution for SSR burning issue	\N
25	2017-01-30 18:52:45.4664+05:30	2017-01-30 18:52:45.466423+05:30	VHP DBR CGMA Testing	\N
26	2017-01-30 18:52:58.823076+05:30	2017-01-30 18:52:58.823097+05:30	XP Robot CGMA Testing	\N
27	2017-01-30 18:53:21.055562+05:30	2017-01-30 18:53:21.055584+05:30	Legacy VR Testing - RTB	\N
28	2017-01-30 18:53:50.953472+05:30	2017-01-30 18:53:50.953498+05:30	VFX Bearing Reliability	\N
29	2017-01-30 18:54:15.021367+05:30	2017-01-30 18:54:15.021392+05:30	XP Bearing Reliability	\N
30	2017-01-30 18:54:27.320511+05:30	2017-01-30 18:54:27.320534+05:30	Bearing Characterization	\N
31	2017-01-30 18:54:51.964925+05:30	2017-01-30 18:54:51.964946+05:30	Motion Calibration for Z axis and Linear axis Motion	\N
7	2017-01-30 18:21:00.98876+05:30	2017-01-30 18:56:07.245131+05:30	6.X Robot Testing	\N
32	2017-02-08 14:48:12.670041+05:30	2017-02-08 14:48:23.038787+05:30	DPN startup, with plasma strike	DPN startup, with plasma strike
33	2017-02-08 14:48:36.888165+05:30	2017-02-08 14:48:36.888195+05:30	VAT valve qualification	VAT valve qualification
34	2017-02-08 14:48:47.292408+05:30	2017-02-08 14:48:47.292452+05:30	BLDC Wafer Rotation	BLDC Wafer Rotation
35	2017-02-08 14:48:57.30942+05:30	2017-02-08 14:48:57.309445+05:30	INDUCTION HEATING	INDUCTION HEATING
36	2017-02-08 15:58:46.005422+05:30	2017-02-08 15:58:46.005447+05:30	Firmware Qualification for 2 Wide	Firmware Qualification for 2 Wide
37	2017-02-08 19:23:10.802558+05:30	2017-02-08 19:23:10.802582+05:30	Lamp reliability testing	Lamp reliability testing
38	2017-02-08 19:23:20.839192+05:30	2017-02-08 19:23:20.839216+05:30	HX Charaterization	HX Charaterization
39	2017-02-08 19:23:38.732089+05:30	2017-02-08 19:23:38.732114+05:30	Laser temp measurement testing	Laser temp measurement testing
40	2017-02-08 19:23:50.986811+05:30	2017-02-08 19:23:50.986847+05:30	Packaging and testing of Brewster angle setup	Packaging and testing of Brewster angle setup
41	2017-02-08 19:59:01.984753+05:30	2017-02-08 19:59:01.984776+05:30	Long term LTS operation check	Long term LTS operation check
42	2017-02-08 19:59:17.68237+05:30	2017-02-08 19:59:17.682406+05:30	Software update for      a. Alarm Operation     b. Yaskawa MP2300S software	Software update for \n    a. Alarm Operation\n    b. Yaskawa MP2300S software
43	2017-02-08 19:59:36.734479+05:30	2017-02-08 19:59:36.734502+05:30	Optimization of Lift, Rotate ans Spin cycle time	Optimization of Lift, Rotate ans Spin cycle time
44	2017-02-08 19:59:47.457668+05:30	2017-02-08 19:59:47.457705+05:30	Establish and reduce Resitivity in PDH.	Establish and reduce Resitivity in PDH.
45	2017-02-08 20:00:03.972911+05:30	2017-02-08 20:00:03.972947+05:30	Additional Universal LTS module installation and operational check	Additional Universal LTS module installation and operational check
46	2017-02-08 20:33:38.167594+05:30	2017-02-08 20:33:38.167624+05:30	Vibration testing of robot arm blades	Vibration testing of robot arm blades
47	2017-02-08 20:53:36.375238+05:30	2017-02-08 20:53:36.375261+05:30	Temperature controller Eval board testing	Temperature controller Eval board testing
48	2017-02-08 20:57:09.20362+05:30	2017-02-08 20:57:09.203644+05:30	CIP and Field support activities	CIP and Field support activities
49	2017-02-08 21:16:57.494918+05:30	2017-02-08 21:16:57.494946+05:30	Tier 0 and Tier 1 tool installation to make POWER ON ready and MOC approval.	Tier 0 and Tier 1 tool installation to make POWER ON ready and MOC approval.
50	2017-02-08 21:17:10.948938+05:30	2017-02-08 21:17:10.948964+05:30	Completion of Tier 2 and Tier 3 installation, bring tool to full operational mode.	Completion of Tier 2 and Tier 3 installation, bring tool to full operational mode.
51	2017-02-08 21:17:26.352707+05:30	2017-02-08 21:17:26.35274+05:30	LT502 Control functionality check (Yaskawa Sigma II Controller Obs).	LT502 Control functionality check (Yaskawa Sigma II Controller Obs).
52	2017-02-08 21:17:44.725988+05:30	2017-02-08 21:17:44.726012+05:30	Validation of Fluid and Electrical components.	Validation of Fluid and Electrical components.
53	2017-02-08 21:21:44.67402+05:30	2017-02-08 21:21:44.674043+05:30	Make Loadlock, transfer and orienter chamber functional	Make Loadlock, transfer and orienter chamber functional
54	2017-02-08 21:21:54.045807+05:30	2017-02-08 21:21:54.045832+05:30	Make WxZ and DxZ chamber on Centura platform functional	Make WxZ and DxZ chamber on Centura platform functional
55	2017-02-08 21:24:38.0386+05:30	2017-02-08 21:24:38.038635+05:30	KCC fixture development	KCC fixture development
56	2017-02-08 21:24:47.480982+05:30	2017-02-08 21:24:47.481014+05:30	Megasonic fixture development	Megasonic fixture development
57	2017-02-08 21:24:58.753551+05:30	2017-02-08 21:24:58.753575+05:30	UCL project testing.	UCL project testing.
58	2017-02-08 22:48:00.867971+05:30	2017-02-08 22:48:00.868009+05:30	Reduce the safety exhaust requirements for Gas Panel to improve the Eco-Efficiency - WIP	Reduce the safety exhaust requirements for Gas Panel to improve the Eco-Efficiency - WIP
60	2017-02-08 22:48:49.257542+05:30	2017-02-08 22:48:49.257582+05:30	Strike Plasma in both the chambers  YTS, Part procurement in progress.	Strike Plasma in both the chambers  YTS, Part procurement in progress.
61	2017-02-08 22:49:02.050385+05:30	2017-02-08 22:49:02.050409+05:30	Lid temperature study  -YTS	Lid temperature study  -YTS
62	2017-02-08 22:57:07.355681+05:30	2017-02-08 22:57:07.355728+05:30	Mgnet Driver Online Routine-investigation	Mgnet Driver Online Routine-investigation
63	2017-02-08 22:57:20.581114+05:30	2017-02-08 22:57:20.581137+05:30	Chamber would be used for thermal cycling  Chamber core parts like Rexolite, ESC etc projects	Chamber would be used for thermal cycling  Chamber core parts like Rexolite, ESC etc projects
64	2017-02-08 23:01:42.73677+05:30	2017-02-08 23:01:42.7368+05:30	RF Rotary Joint testing and RF behaviour recording.	RF Rotary Joint testing and RF behaviour recording.
24	2017-01-30 18:52:25.435066+05:30	2017-02-08 23:03:36.911613+05:30	RF Leak test for Top and side RF generator ad coil	RF Leak test for Top and side RF generator and coils.
65	2017-02-08 23:03:54.855652+05:30	2017-02-08 23:03:54.855689+05:30	SST DNET communication card testing.	SST DNET communication card testing.
66	2017-02-09 14:50:22.528545+05:30	2017-02-09 14:50:22.528573+05:30	New developments for Hybrid	New developments for Hybrid
68	2017-02-10 16:51:08.07236+05:30	2017-02-10 16:51:08.072383+05:30	Copley BEL 2.62.20 firmware COE qualification	Copley BEL 2.62.20 firmware COE qualification
69	2017-02-10 16:51:23.931526+05:30	2017-02-10 16:51:23.931568+05:30	Copley BE2 2.62.20 firmware COE qualification	Copley BE2 2.62.20 firmware COE qualification
70	2017-02-10 16:54:13.273509+05:30	2017-02-10 16:54:13.273537+05:30	lamp inspection procedure	Time study of the lamp inspection procedure to improve thru put for testing.
71	2017-02-10 16:54:58.134104+05:30	2017-02-10 16:54:58.134127+05:30	Improve thruput and accuracy to  lamp supplier	Improve thruput and accuracy before shipping out to lamp supplier for deployement in production line.
59	2017-02-08 22:48:21.826488+05:30	2017-02-23 15:49:58.380856+05:30	Test the SiC ring movement in Chamber once the study in test fixture which is already in progress is completed  Test fixture is WIP, In chamber YTS (yet to start)	Test the SiC ring movement in Chamber once the study in test fixture which is already in progress is completed  Test fixture is WIP, In chamber YTS yet to start
72	2017-03-09 17:24:25.401143+05:30	2017-03-09 17:24:25.401165+05:30	Test setup is to validate SiC ring movement using 3 linear servo motor (linear motion only) in atmospheric condition.	Test setup is to validate SiC ring movement using 3 linear servo motor (linear motion only) in atmospheric condition.
73	2017-03-09 17:24:48.574965+05:30	2017-03-09 17:24:48.574988+05:30	The test setup helps us understand communication between PC and Device (Motor). This information will be used for the next phase test under vacuum	The test setup helps us understand communication between PC and Device (Motor). This information will be used for the next phase test under vacuum
74	2017-03-09 17:25:45.322486+05:30	2017-03-09 17:25:45.322509+05:30	Atmospheric Setup	Atmospheric Setup:
75	2017-03-09 19:47:31.062869+05:30	2017-03-09 19:47:31.062893+05:30	Auto Teach Testing	Auto Teach Testing
76	2017-03-09 19:47:47.479395+05:30	2017-03-09 19:47:47.479418+05:30	Field Support activities and PPC robotics activities	Field Support activities and PPC robotics activities
77	2017-04-18 16:42:18.71096+05:30	2017-04-18 16:42:18.710985+05:30	Sustaining DEA activities	sustaining DEA activities
78	2017-04-18 16:42:34.504924+05:30	2017-04-18 16:42:34.504947+05:30	Madison activities	Madison activities
79	2017-04-18 16:43:16.013177+05:30	2017-04-18 16:43:16.013226+05:30	sustaining DEA activities	sustaining DEA activities
80	2017-04-18 16:43:30.603968+05:30	2017-04-18 16:43:30.603991+05:30	LP DEA activities	LP DEA activities
81	2017-04-18 16:44:02.007018+05:30	2017-04-18 16:44:02.007041+05:30	Line filter fitment check and qualification	Line filter fitment check and qualification
\.


--
-- Name: bay_project_id_seq; Type: SEQUENCE SET; Schema: public; Owner: postgres
--

SELECT pg_catalog.setval('bay_project_id_seq', 81, true);


--
-- Data for Name: bay_project_users; Type: TABLE DATA; Schema: public; Owner: postgres
--

COPY bay_project_users (id, project_id, bayuser_id) FROM stdin;
4	70	25
5	70	5
6	70	40
7	71	25
8	71	5
9	71	40
10	4	3
11	4	57
12	4	59
13	5	3
14	5	57
15	5	59
16	68	3
17	68	57
18	68	59
19	69	3
20	69	57
21	69	59
22	8	9
23	8	28
24	8	8
25	8	10
26	8	58
27	8	32
34	66	9
35	66	28
36	66	8
37	66	10
38	66	58
39	66	32
40	46	25
41	46	5
42	46	40
43	10	9
44	10	28
45	10	8
46	10	10
47	10	58
48	10	32
49	7	9
50	7	28
51	7	8
52	7	10
53	7	58
54	7	32
88	47	36
89	47	4
90	47	59
91	11	4
92	11	59
93	11	36
94	48	4
95	48	36
96	48	59
97	14	36
98	14	59
99	14	4
100	13	36
101	13	4
102	13	59
103	15	4
104	15	59
105	15	36
106	16	9
107	16	28
108	16	8
109	16	10
110	16	17
111	16	32
112	17	9
113	17	28
114	17	8
115	17	10
116	17	17
117	17	32
118	18	8
119	18	9
120	18	28
121	18	10
122	18	32
123	18	17
124	33	55
125	33	12
126	33	43
127	33	14
128	33	11
129	33	25
130	33	40
131	32	55
132	32	12
133	32	43
134	32	14
135	32	11
136	32	25
137	32	40
138	34	55
139	34	43
140	34	12
141	34	14
142	34	11
143	34	40
144	34	25
145	35	55
146	35	12
147	35	43
148	35	14
149	35	11
150	35	25
151	35	40
152	37	49
153	37	48
154	37	53
155	37	13
156	37	40
157	38	49
158	38	48
159	38	53
160	38	13
161	38	40
166	39	14
167	39	43
168	39	11
169	39	40
170	40	14
171	40	43
172	40	11
173	40	40
174	19	10
175	19	9
176	19	8
177	19	28
178	19	45
179	19	32
180	58	15
181	58	27
182	58	33
183	58	50
184	58	56
185	58	19
186	58	60
187	59	15
188	59	27
189	59	33
190	59	50
191	59	56
192	59	19
193	59	60
194	60	15
195	60	27
196	60	33
197	60	50
198	60	56
199	60	19
200	60	60
201	61	50
202	61	15
203	61	27
204	61	33
205	61	56
206	61	19
207	61	60
208	41	16
209	41	31
210	41	41
211	42	16
212	42	31
213	42	41
214	43	16
215	43	31
216	43	41
217	44	16
218	44	31
219	44	41
220	45	16
221	45	31
222	45	41
223	62	15
224	62	27
225	62	33
226	62	50
227	62	56
228	62	19
229	62	60
230	63	15
231	63	27
232	63	50
233	63	33
234	63	56
235	63	19
236	63	60
255	25	9
256	25	3
257	25	28
258	25	8
259	25	10
260	25	45
261	25	32
262	26	9
263	26	3
264	26	8
265	26	28
266	26	10
267	26	45
268	26	32
269	27	9
270	27	3
271	27	8
272	27	28
273	27	10
274	27	45
275	27	32
276	28	9
277	28	3
278	28	8
279	28	28
280	28	10
281	28	45
282	28	26
283	28	30
284	28	32
285	29	9
286	29	3
287	29	8
288	29	28
289	29	10
290	29	45
291	29	26
292	29	30
293	29	32
294	30	9
295	30	8
296	30	28
297	30	3
298	30	10
299	30	45
300	30	26
301	30	30
302	30	32
303	55	21
304	55	47
305	56	21
306	56	47
307	57	21
308	57	47
319	49	16
320	49	31
321	49	41
322	50	16
323	50	31
324	50	41
325	51	41
326	51	31
327	51	16
328	52	41
329	52	16
330	52	31
333	31	51
334	31	52
335	31	23
336	31	38
337	75	7
338	75	9
339	75	39
340	75	58
341	75	8
342	75	28
343	75	32
344	75	71
345	76	7
346	76	9
347	76	39
348	76	58
349	76	8
350	76	28
351	76	32
352	76	71
353	9	8
354	9	9
355	9	28
356	9	32
357	9	39
358	9	58
359	9	71
360	36	8
361	36	9
362	36	28
363	36	32
364	36	39
365	36	58
366	36	71
367	21	52
368	21	20
369	21	38
370	21	72
371	22	52
372	22	20
373	22	38
374	22	72
375	23	52
376	23	20
377	23	38
378	23	72
379	24	52
380	24	20
381	24	38
382	24	72
383	65	52
384	65	20
385	65	38
386	65	72
387	64	52
388	64	20
389	64	38
390	64	72
391	54	54
392	54	22
393	54	37
394	54	42
395	54	46
396	54	44
397	53	54
398	53	22
399	53	37
400	53	42
401	53	46
402	53	44
403	73	24
404	73	15
405	73	27
406	73	33
407	73	50
408	73	56
409	73	19
410	73	60
411	72	24
412	72	15
413	72	27
414	72	33
415	72	50
416	72	56
417	72	19
418	72	60
419	74	24
420	74	15
421	74	27
422	74	33
423	74	50
424	74	56
425	74	19
426	74	60
427	77	7
428	77	71
429	77	39
430	77	58
431	77	8
432	77	28
433	77	35
434	79	7
435	79	71
436	79	39
437	79	58
438	79	35
439	78	7
440	78	71
441	78	39
442	78	58
443	78	8
444	78	28
445	78	35
446	80	7
447	80	71
448	80	39
449	80	58
450	80	35
451	81	7
452	81	71
453	81	39
454	81	58
455	81	35
\.


--
-- Name: bay_project_users_id_seq; Type: SEQUENCE SET; Schema: public; Owner: postgres
--

SELECT pg_catalog.setval('bay_project_users_id_seq', 455, true);


--
-- Data for Name: bay_tool; Type: TABLE DATA; Schema: public; Owner: postgres
--

COPY bay_tool (id, created_on, updated_on, name, status, maintenance_status, bay_id, image, tool_owner_id, bay_number, current_project_id) FROM stdin;
53	2017-02-08 22:05:31.093179+05:30	2017-05-03 13:23:06.734015+05:30	MF IO Controllers	ID	\N	245	./Bay-16_MF_IO_Controllers_KleAlVD.png	4	16	12
58	2017-02-08 22:14:11.902486+05:30	2017-05-17 11:06:26.93278+05:30	ECAT OEM test setup and Proto Board testing	PR	\N	245	./Bay-21_ECAT_OEM_test_setup__Proto_board_testing__SLiShoa.png	4	21	15
43	2017-02-08 21:05:38.676809+05:30	2017-05-26 11:22:31.814717+05:30	VFX-XP bearing Reliability fixture	ID	\N	255	./Bay-38_VFX-XP_bearing_Reliability_fixture.png	10	38	28
7	2017-02-07 17:13:48.321962+05:30	2017-04-28 13:37:24.045936+05:30	Optical Metrology Test Setup-Bianca	IN	\N	241	./Bay-27_Optical_metrology_test_setup-Bianca_tiJoqnU.png	14	27	39
15	2017-02-08 11:27:00.780229+05:30	2017-04-24 14:34:43.141251+05:30	Bay-26 Wilma -2	ID	\N	241	./Bay-26_Wilma_-2.png	13	26	38
65	2017-02-10 16:46:30.363762+05:30	2017-02-15 15:10:02.034948+05:30	Lamp Parameter Measurement Stand	ID	\N	241	./Bay-3_Lamp_Parameter_Measurement_Stand.png	25	3	\N
45	2017-02-08 21:13:47.504928+05:30	2017-02-27 15:22:40.578767+05:30	200mm Centura CVD Cluster	IN	\N	255	./Bay-40_200mm_Centura_CVD_Cluster.png	22	40	53
49	2017-02-08 21:37:37.55157+05:30	2017-05-30 11:04:42.761929+05:30	Samash FI Test Fixture	PR	\N	244	./Bay-8_Samash_FI_Test_Fixture.png	55	8	46
44	2017-02-08 21:08:15.16902+05:30	2017-05-30 14:58:28.039484+05:30	Dual Megasonic test fixture	PR	\N	255	./Bay-39_Dual_Megasonic_test_fixture.png	21	39	57
60	2017-02-08 22:52:23.806445+05:30	2017-05-17 18:13:00.346016+05:30	E5 Chamber	ID	\N	256	./Bay-35_E5_Chamber.png	19	35	62
18	2017-02-08 11:35:39.263854+05:30	2017-05-10 21:58:11.992955+05:30	Bay-10 5.4 wide common FI	ID	\N	243	./Bay-10_5.4_wide_common_FI_dFjDjBf.png	7	10	77
48	2017-02-08 21:37:07.460931+05:30	2017-05-12 12:33:51.968555+05:30	NTS 10 Robot test setup	PR	\N	244	./Bay-12_NTS_10_Robot_test_setup_x7Werfl.png	8	12	10
16	2017-02-08 11:28:21.195802+05:30	2017-05-31 14:37:30.22783+05:30	BAY- 25 Vinny Tool	PR	\N	241	./Bay-25_Vinny_Tool_6Vf5AyO.png	11	25	32
31	2017-02-08 16:47:56.226565+05:30	2017-04-24 16:46:24.114813+05:30	MDP Chamber	ID	\N	242	./Bay-1_MDP_Chamber.png	\N	1	\N
55	2017-02-08 22:07:10.18166+05:30	2017-04-26 11:30:01.723316+05:30	Hot air oven	PR	\N	245	./Bay-20_Hot_air_oven_vGZqDfh.png	4	20	11
38	2017-02-08 17:16:09.604995+05:30	2017-05-29 14:11:02.057308+05:30	Madison Robots	ID	\N	243	./Bay-13_Madison_Robots-_FI_5.3.png	8	13	75
54	2017-02-08 22:06:42.216539+05:30	2017-05-15 12:12:39.563289+05:30	Flex controller and IBM server rack	ID	\N	245	./Bay-18_Flex_controller__IBM_Server_Rack_gasr0LA.png	4	18	13
52	2017-02-08 22:02:15.825219+05:30	2017-03-06 18:06:18.380048+05:30	VHP-VxP Robot Teststand	ID	\N	244	./Bay-22_VHP-VxP_Robot_Teststand_JRmfCbY.png	10	22	\N
28	2017-02-08 16:32:23.213577+05:30	2017-04-28 16:09:55.123827+05:30	HPE Robot Teststand	PR	\N	242	./Bay-28_HPE_Robot_Teststand.png	10	28	19
62	2017-02-08 22:53:59.005932+05:30	2017-05-19 14:49:18.297423+05:30	Legacy Vacuum Robot stand	PR	\N	256	./Bay-37_Legacy_Vacuum_Robot_stand.png	9	37	26
50	2017-02-08 21:38:40.257407+05:30	2017-05-19 19:37:04.895315+05:30	Factory Interface 5.3 (2)	ID	\N	244	./Bay-7_Factory_Interface_5.3_2_OINhoqO.png	9	7	66
26	2017-02-08 15:54:50.744751+05:30	2017-05-15 21:15:57.221331+05:30	Factory Interface 5.3	ID	\N	243	./Bay-11_Factory_Interface_5.3.png	7	11	80
67	2017-02-10 16:49:10.589187+05:30	2017-03-07 13:44:30.918635+05:30	Enso Lab testing	ID	\N	255	./Bay-42_Enso_Lab_testing.png	23	42	\N
30	2017-02-08 16:39:00.504217+05:30	2017-05-29 14:54:40.203665+05:30	Lift and Rotate	ID	\N	242	./Bay-31_Lift_and_Rotate.png	31	31	41
27	2017-02-08 15:55:58.849691+05:30	2017-05-19 19:37:28.229167+05:30	PDC 2 Wide FI	ID	\N	243	./Bay-14__PDC_2_Wide_FI.png	9	14	9
61	2017-02-08 22:53:05.778586+05:30	2017-05-29 15:31:52.141175+05:30	HDP Chamber	ID	\N	256	./Bay-36_HDP_Chamber.png	20	36	64
29	2017-02-08 16:37:36.648253+05:30	2017-05-10 10:56:26.30583+05:30	SiC Ring Movement	ID	\N	242	./Bay-34_SiC_Ring_Movement.png	24	34	72
66	2017-02-10 16:47:58.061659+05:30	2017-05-22 13:20:12.57305+05:30	Motion Control Test Set up	ID	\N	245	./Bay-4_Motion_Control_Test_Set_up_ZitM4Aj.png	3	4	69
59	2017-02-08 22:40:20.433785+05:30	2017-05-22 15:48:00.478547+05:30	AdvantEdge D8 Chamber	IN	\N	256	./Bay-29_AdvantEdge_D8_Chamber.png	15	29	61
14	2017-02-08 11:26:41.123457+05:30	2017-04-24 13:21:29.785589+05:30	Bay-24 Ansel Tool	ID	\N	241	./Bay-24_Ansel_Tool.png	12	24	35
46	2017-02-08 21:14:56.292867+05:30	2017-02-23 14:30:11.170665+05:30	PPC 302 Cu DAMASCENE	IN	\N	255	./Bay-41_PPC_302_Cu_DAMASCENE.png	16	41	50
\.


--
-- Name: bay_tool_id_seq; Type: SEQUENCE SET; Schema: public; Owner: postgres
--

SELECT pg_catalog.setval('bay_tool_id_seq', 67, true);


--
-- Data for Name: bay_tool_tool_users; Type: TABLE DATA; Schema: public; Owner: postgres
--

COPY bay_tool_tool_users (id, tool_id, bayuser_id) FROM stdin;
163	49	25
164	49	5
165	49	40
166	48	9
167	48	28
168	48	8
169	48	10
170	48	58
171	48	32
376	38	70
377	38	8
378	38	32
379	38	7
380	38	9
381	38	39
382	38	58
383	38	28
384	26	7
184	52	9
185	52	28
186	52	8
187	52	10
385	26	35
386	26	39
387	26	58
388	26	70
389	26	71
390	18	7
391	18	8
188	52	17
189	52	32
35	15	49
36	15	48
37	15	53
38	15	13
39	15	40
40	14	55
41	14	12
42	14	43
43	14	14
44	14	11
45	14	25
46	14	40
47	7	14
48	7	43
49	7	11
50	7	40
392	18	28
393	18	39
394	18	58
395	18	70
396	18	71
397	61	52
398	61	20
399	61	38
400	61	72
63	27	9
64	27	39
65	27	58
66	27	8
67	27	28
68	27	32
71	29	24
72	29	15
73	29	27
74	29	33
75	29	50
76	29	56
77	31	1
78	31	34
79	31	61
280	50	9
281	50	28
86	30	16
87	30	31
88	30	41
89	28	32
90	28	8
91	28	28
92	28	10
93	28	45
94	28	9
282	50	8
283	50	10
284	50	58
285	50	32
210	58	4
211	58	36
212	58	59
216	55	4
217	55	59
218	55	36
309	62	9
310	62	3
222	54	36
311	62	28
312	62	10
313	62	45
314	62	32
315	62	8
137	46	16
138	46	31
139	46	41
223	54	59
224	54	4
228	53	36
146	45	46
147	45	54
148	45	44
149	45	37
150	45	22
151	45	42
154	43	9
155	43	3
156	43	28
157	43	8
158	43	10
159	43	45
160	43	26
161	43	30
162	43	32
229	53	59
230	53	4
231	59	15
232	59	27
233	59	33
234	59	50
235	59	56
236	59	19
237	59	60
239	60	15
240	60	27
241	60	33
242	60	50
243	60	56
244	60	19
245	60	60
322	66	57
323	66	3
324	66	59
325	65	25
326	65	5
327	65	40
331	67	51
332	67	23
333	67	38
334	16	55
335	16	11
336	16	12
337	16	14
338	16	25
339	16	43
340	16	40
351	44	21
352	44	47
353	44	68
354	44	67
355	44	69
\.


--
-- Name: bay_tool_tool_users_id_seq; Type: SEQUENCE SET; Schema: public; Owner: postgres
--

SELECT pg_catalog.setval('bay_tool_tool_users_id_seq', 400, true);


--
-- Data for Name: bay_toolimage; Type: TABLE DATA; Schema: public; Owner: postgres
--

COPY bay_toolimage (id, image) FROM stdin;
\.


--
-- Name: bay_toolimage_id_seq; Type: SEQUENCE SET; Schema: public; Owner: postgres
--

SELECT pg_catalog.setval('bay_toolimage_id_seq', 1, false);


--
-- Data for Name: bay_toolproject; Type: TABLE DATA; Schema: public; Owner: postgres
--

COPY bay_toolproject (id, created_on, updated_on, is_enabled, project_id, tool_id) FROM stdin;
174	2017-02-09 11:52:26.246302+05:30	2017-02-09 11:52:26.246327+05:30	t	19	28
179	2017-02-09 14:50:43.860873+05:30	2017-02-09 14:50:43.860897+05:30	t	66	50
180	2017-02-09 14:50:43.863676+05:30	2017-02-09 14:50:43.863691+05:30	t	8	50
86	2017-02-08 21:18:54.342149+05:30	2017-02-08 21:18:54.342173+05:30	t	52	46
87	2017-02-08 21:18:54.344935+05:30	2017-02-08 21:18:54.344952+05:30	t	51	46
88	2017-02-08 21:18:54.347184+05:30	2017-02-08 21:18:54.3472+05:30	t	50	46
89	2017-02-08 21:18:54.349607+05:30	2017-02-08 21:18:54.349622+05:30	t	49	46
90	2017-02-08 21:24:08.166627+05:30	2017-02-08 21:24:08.166658+05:30	t	54	45
91	2017-02-08 21:24:08.169931+05:30	2017-02-08 21:24:08.169952+05:30	t	53	45
92	2017-02-08 21:25:23.68876+05:30	2017-02-08 21:25:23.688782+05:30	t	57	44
93	2017-02-08 21:25:23.691226+05:30	2017-02-08 21:25:23.691243+05:30	t	56	44
94	2017-02-08 21:25:23.693111+05:30	2017-02-08 21:25:23.693127+05:30	t	55	44
100	2017-02-08 21:27:09.626656+05:30	2017-02-08 21:27:09.626681+05:30	t	28	43
101	2017-02-08 21:27:09.629669+05:30	2017-02-08 21:27:09.629686+05:30	t	29	43
102	2017-02-08 21:27:09.632435+05:30	2017-02-08 21:27:09.632459+05:30	t	30	43
103	2017-02-08 21:41:29.485019+05:30	2017-02-08 21:41:29.485043+05:30	t	46	49
105	2017-02-08 21:42:25.416264+05:30	2017-02-08 21:42:25.416287+05:30	t	10	48
106	2017-02-08 21:42:25.418786+05:30	2017-02-08 21:42:25.418802+05:30	t	7	48
111	2017-02-08 22:04:12.628559+05:30	2017-02-08 22:04:12.628581+05:30	t	16	52
42	2017-02-08 14:49:33.897142+05:30	2017-02-08 14:49:33.897168+05:30	t	32	16
43	2017-02-08 14:49:33.900445+05:30	2017-02-08 14:49:33.900464+05:30	t	33	16
112	2017-02-08 22:04:12.631347+05:30	2017-02-08 22:04:12.631363+05:30	t	17	52
45	2017-02-08 14:50:11.595938+05:30	2017-02-08 14:50:11.595968+05:30	t	34	14
46	2017-02-08 14:50:11.598225+05:30	2017-02-08 14:50:11.598241+05:30	t	35	14
113	2017-02-08 22:04:12.633478+05:30	2017-02-08 22:04:12.633494+05:30	t	18	52
194	2017-02-10 16:51:48.094738+05:30	2017-02-10 16:51:48.094761+05:30	t	69	66
51	2017-02-08 19:24:13.718738+05:30	2017-02-08 19:24:13.718762+05:30	t	40	7
52	2017-02-08 19:24:13.721323+05:30	2017-02-08 19:24:13.721349+05:30	t	39	7
53	2017-02-08 19:24:32.450795+05:30	2017-02-08 19:24:32.450819+05:30	t	37	15
54	2017-02-08 19:24:32.453644+05:30	2017-02-08 19:24:32.453669+05:30	t	38	15
55	2017-02-08 20:00:51.402349+05:30	2017-02-08 20:00:51.402381+05:30	t	45	30
56	2017-02-08 20:00:51.405925+05:30	2017-02-08 20:00:51.405946+05:30	t	44	30
57	2017-02-08 20:00:51.408563+05:30	2017-02-08 20:00:51.408584+05:30	t	43	30
58	2017-02-08 20:00:51.411198+05:30	2017-02-08 20:00:51.411216+05:30	t	42	30
59	2017-02-08 20:00:51.414005+05:30	2017-02-08 20:00:51.414031+05:30	t	41	30
116	2017-02-08 22:16:35.023684+05:30	2017-02-08 22:16:35.023708+05:30	t	15	58
117	2017-02-08 22:16:35.026613+05:30	2017-02-08 22:16:35.026628+05:30	t	47	58
195	2017-02-10 16:51:48.097274+05:30	2017-02-10 16:51:48.09729+05:30	t	68	66
122	2017-02-08 22:49:23.451053+05:30	2017-02-08 22:49:23.451089+05:30	t	61	59
123	2017-02-08 22:49:23.4539+05:30	2017-02-08 22:49:23.453922+05:30	t	60	59
196	2017-02-10 16:51:48.099492+05:30	2017-02-10 16:51:48.099508+05:30	t	4	66
197	2017-02-10 16:51:48.101682+05:30	2017-02-10 16:51:48.101698+05:30	t	5	66
124	2017-02-08 22:49:23.45607+05:30	2017-02-08 22:49:23.456085+05:30	t	59	59
125	2017-02-08 22:49:23.458073+05:30	2017-02-08 22:49:23.458088+05:30	t	58	59
126	2017-02-08 22:57:50.876636+05:30	2017-02-08 22:57:50.87666+05:30	t	63	60
127	2017-02-08 22:57:50.879065+05:30	2017-02-08 22:57:50.879082+05:30	t	62	60
200	2017-02-10 16:56:19.83928+05:30	2017-02-10 16:56:19.839301+05:30	t	31	67
201	2017-03-09 16:53:19.838029+05:30	2017-03-09 16:53:19.838059+05:30	t	11	55
202	2017-03-09 16:54:57.374457+05:30	2017-03-09 16:54:57.374487+05:30	t	12	53
203	2017-03-09 17:05:17.805502+05:30	2017-03-09 17:05:17.805524+05:30	t	13	54
204	2017-03-09 17:26:39.161349+05:30	2017-03-09 17:26:39.161371+05:30	t	72	29
210	2017-03-09 19:41:57.282707+05:30	2017-03-09 19:41:57.282729+05:30	t	70	65
211	2017-03-09 19:41:57.284855+05:30	2017-03-09 19:41:57.284871+05:30	t	71	65
214	2017-03-09 19:48:49.772644+05:30	2017-03-09 19:48:49.772669+05:30	t	75	38
215	2017-03-09 19:48:49.777703+05:30	2017-03-09 19:48:49.777731+05:30	t	76	38
219	2017-03-09 19:51:11.633883+05:30	2017-03-09 19:51:11.633906+05:30	t	9	27
220	2017-03-09 19:51:11.636316+05:30	2017-03-09 19:51:11.636332+05:30	t	36	27
221	2017-04-19 10:22:09.664936+05:30	2017-04-19 10:22:09.664959+05:30	t	25	62
222	2017-04-19 10:22:09.667801+05:30	2017-04-19 10:22:09.667818+05:30	t	26	62
223	2017-04-19 10:22:09.669916+05:30	2017-04-19 10:22:09.669932+05:30	t	27	62
224	2017-04-19 10:24:31.973897+05:30	2017-04-19 10:24:31.973918+05:30	t	78	18
225	2017-04-19 10:24:31.976556+05:30	2017-04-19 10:24:31.976572+05:30	t	77	18
226	2017-04-19 10:26:04.280922+05:30	2017-04-19 10:26:04.280944+05:30	t	79	26
227	2017-04-19 10:26:04.283304+05:30	2017-04-19 10:26:04.283321+05:30	t	80	26
228	2017-04-19 10:26:04.285478+05:30	2017-04-19 10:26:04.285495+05:30	t	81	26
162	2017-02-08 23:05:19.395914+05:30	2017-02-08 23:05:19.395938+05:30	t	65	61
163	2017-02-08 23:05:19.398357+05:30	2017-02-08 23:05:19.398381+05:30	t	24	61
164	2017-02-08 23:05:19.400532+05:30	2017-02-08 23:05:19.400555+05:30	t	23	61
165	2017-02-08 23:05:19.402798+05:30	2017-02-08 23:05:19.40282+05:30	t	22	61
166	2017-02-08 23:05:19.404991+05:30	2017-02-08 23:05:19.405012+05:30	t	21	61
167	2017-02-08 23:05:19.407398+05:30	2017-02-08 23:05:19.407422+05:30	t	64	61
\.


--
-- Name: bay_toolproject_id_seq; Type: SEQUENCE SET; Schema: public; Owner: postgres
--

SELECT pg_catalog.setval('bay_toolproject_id_seq', 228, true);


--
-- Data for Name: corsheaders_corsmodel; Type: TABLE DATA; Schema: public; Owner: postgres
--

COPY corsheaders_corsmodel (id, cors) FROM stdin;
\.


--
-- Name: corsheaders_corsmodel_id_seq; Type: SEQUENCE SET; Schema: public; Owner: postgres
--

SELECT pg_catalog.setval('corsheaders_corsmodel_id_seq', 1, false);


--
-- Data for Name: django_admin_log; Type: TABLE DATA; Schema: public; Owner: postgres
--

COPY django_admin_log (id, action_time, object_id, object_repr, action_flag, change_message, content_type_id, user_id) FROM stdin;
\.


--
-- Name: django_admin_log_id_seq; Type: SEQUENCE SET; Schema: public; Owner: postgres
--

SELECT pg_catalog.setval('django_admin_log_id_seq', 1, false);


--
-- Data for Name: django_content_type; Type: TABLE DATA; Schema: public; Owner: postgres
--

COPY django_content_type (id, app_label, model) FROM stdin;
1	admin	logentry
2	auth	permission
3	auth	group
4	contenttypes	contenttype
5	sessions	session
6	corsheaders	corsmodel
7	bay	project
8	bay	bay
9	bay	tool
10	bay	toolproject
11	bay	toolimage
12	users	group
13	users	bayuser
14	bay	logging
\.


--
-- Name: django_content_type_id_seq; Type: SEQUENCE SET; Schema: public; Owner: postgres
--

SELECT pg_catalog.setval('django_content_type_id_seq', 14, true);


--
-- Data for Name: django_migrations; Type: TABLE DATA; Schema: public; Owner: postgres
--

COPY django_migrations (id, app, name, applied) FROM stdin;
1	users	0001_initial	2017-01-28 13:36:43.956641+05:30
2	contenttypes	0001_initial	2017-01-28 13:36:43.978792+05:30
3	admin	0001_initial	2017-01-28 13:36:44.025585+05:30
4	contenttypes	0002_remove_content_type_name	2017-01-28 13:36:44.056149+05:30
5	auth	0001_initial	2017-01-28 13:36:44.141979+05:30
6	auth	0002_alter_permission_name_max_length	2017-01-28 13:36:44.161296+05:30
7	auth	0003_alter_user_email_max_length	2017-01-28 13:36:44.174746+05:30
8	auth	0004_alter_user_username_opts	2017-01-28 13:36:44.188339+05:30
9	auth	0005_alter_user_last_login_null	2017-01-28 13:36:44.202037+05:30
10	auth	0006_require_contenttypes_0002	2017-01-28 13:36:44.204875+05:30
11	users	0002_auto_20161202_0800	2017-01-28 13:36:44.237238+05:30
12	bay	0001_initial	2017-01-28 13:36:44.444122+05:30
13	bay	0002_auto_20161202_0800	2017-01-28 13:36:44.527606+05:30
14	bay	0003_auto_20161202_0806	2017-01-28 13:36:44.552213+05:30
15	bay	0004_auto_20161202_0820	2017-01-28 13:36:44.587455+05:30
16	bay	0005_auto_20161205_0813	2017-01-28 13:36:44.609989+05:30
17	bay	0006_auto_20161221_0939	2017-01-28 13:36:44.83234+05:30
18	bay	0007_toolimage	2017-01-28 13:36:44.848534+05:30
19	bay	0008_tool_image	2017-01-28 13:36:44.872364+05:30
20	bay	0009_tool_tool_owner	2017-01-28 13:36:44.897697+05:30
21	bay	0010_auto_20170111_0253	2017-01-28 13:36:44.974874+05:30
22	sessions	0001_initial	2017-01-28 13:36:45.00533+05:30
23	users	0003_auto_20170111_0206	2017-01-28 13:36:45.050016+05:30
24	bay	0011_auto_20170123_1810	2017-01-30 14:37:30.952162+05:30
25	bay	0012_auto_20170123_1925	2017-01-30 14:37:31.059133+05:30
26	bay	0013_auto_20170127_0125	2017-01-30 14:37:31.118468+05:30
27	bay	0014_logging	2017-02-07 14:02:12.503662+05:30
28	bay	0015_auto_20170215_1012	2017-02-15 10:12:47.102761+05:30
29	bay	0016_tool_current_project	2017-02-23 12:35:33.841213+05:30
\.


--
-- Name: django_migrations_id_seq; Type: SEQUENCE SET; Schema: public; Owner: postgres
--

SELECT pg_catalog.setval('django_migrations_id_seq', 29, true);


--
-- Data for Name: django_session; Type: TABLE DATA; Schema: public; Owner: postgres
--

COPY django_session (session_key, session_data, expire_date) FROM stdin;
lowydrnc0j2y6fw0u69izk675iutyg8a	YjEyNTE4YmFhMTE5MzczNGU1Yjk5YThkYjY5M2QwNWVmNTdjNGUyODp7Il9hdXRoX3VzZXJfaGFzaCI6IjQ2ZTgxOWE3ZmVlNjQ5NzgzMjI0YzVhYTJjNGE5OTJkNTQwMjNhNjQiLCJfYXV0aF91c2VyX2JhY2tlbmQiOiJ1c2Vycy5iYWNrZW5kcy5FbWFpbEF1dGhCYWNrZW5kIiwiX2F1dGhfdXNlcl9pZCI6IjIifQ==	2017-02-13 14:53:38.264044+05:30
4v3ladpe48ostmdahc5tlbmvws90mcks	YjEyNTE4YmFhMTE5MzczNGU1Yjk5YThkYjY5M2QwNWVmNTdjNGUyODp7Il9hdXRoX3VzZXJfaGFzaCI6IjQ2ZTgxOWE3ZmVlNjQ5NzgzMjI0YzVhYTJjNGE5OTJkNTQwMjNhNjQiLCJfYXV0aF91c2VyX2JhY2tlbmQiOiJ1c2Vycy5iYWNrZW5kcy5FbWFpbEF1dGhCYWNrZW5kIiwiX2F1dGhfdXNlcl9pZCI6IjIifQ==	2017-02-13 18:02:31.715149+05:30
fomibgfba9655efzaq16eow4n687pjqu	YjEyNTE4YmFhMTE5MzczNGU1Yjk5YThkYjY5M2QwNWVmNTdjNGUyODp7Il9hdXRoX3VzZXJfaGFzaCI6IjQ2ZTgxOWE3ZmVlNjQ5NzgzMjI0YzVhYTJjNGE5OTJkNTQwMjNhNjQiLCJfYXV0aF91c2VyX2JhY2tlbmQiOiJ1c2Vycy5iYWNrZW5kcy5FbWFpbEF1dGhCYWNrZW5kIiwiX2F1dGhfdXNlcl9pZCI6IjIifQ==	2017-02-13 22:01:10.676533+05:30
zjemj79bn8grch23w2muxatmaup9v9bd	YjEyNTE4YmFhMTE5MzczNGU1Yjk5YThkYjY5M2QwNWVmNTdjNGUyODp7Il9hdXRoX3VzZXJfaGFzaCI6IjQ2ZTgxOWE3ZmVlNjQ5NzgzMjI0YzVhYTJjNGE5OTJkNTQwMjNhNjQiLCJfYXV0aF91c2VyX2JhY2tlbmQiOiJ1c2Vycy5iYWNrZW5kcy5FbWFpbEF1dGhCYWNrZW5kIiwiX2F1dGhfdXNlcl9pZCI6IjIifQ==	2017-02-14 16:13:13.330731+05:30
vdnmu48a18rpz7yw2c2woenjwq1gyczo	YjEyNTE4YmFhMTE5MzczNGU1Yjk5YThkYjY5M2QwNWVmNTdjNGUyODp7Il9hdXRoX3VzZXJfaGFzaCI6IjQ2ZTgxOWE3ZmVlNjQ5NzgzMjI0YzVhYTJjNGE5OTJkNTQwMjNhNjQiLCJfYXV0aF91c2VyX2JhY2tlbmQiOiJ1c2Vycy5iYWNrZW5kcy5FbWFpbEF1dGhCYWNrZW5kIiwiX2F1dGhfdXNlcl9pZCI6IjIifQ==	2017-02-14 17:07:10.633916+05:30
0gj9mh6e3qo1ehejo89j7bzu76c3nyqr	YjEyNTE4YmFhMTE5MzczNGU1Yjk5YThkYjY5M2QwNWVmNTdjNGUyODp7Il9hdXRoX3VzZXJfaGFzaCI6IjQ2ZTgxOWE3ZmVlNjQ5NzgzMjI0YzVhYTJjNGE5OTJkNTQwMjNhNjQiLCJfYXV0aF91c2VyX2JhY2tlbmQiOiJ1c2Vycy5iYWNrZW5kcy5FbWFpbEF1dGhCYWNrZW5kIiwiX2F1dGhfdXNlcl9pZCI6IjIifQ==	2017-02-14 17:09:22.600686+05:30
ulgk5felpvqyutytlrchhtlzewo7dwsm	YjEyNTE4YmFhMTE5MzczNGU1Yjk5YThkYjY5M2QwNWVmNTdjNGUyODp7Il9hdXRoX3VzZXJfaGFzaCI6IjQ2ZTgxOWE3ZmVlNjQ5NzgzMjI0YzVhYTJjNGE5OTJkNTQwMjNhNjQiLCJfYXV0aF91c2VyX2JhY2tlbmQiOiJ1c2Vycy5iYWNrZW5kcy5FbWFpbEF1dGhCYWNrZW5kIiwiX2F1dGhfdXNlcl9pZCI6IjIifQ==	2017-02-14 17:12:26.786991+05:30
vur3515x7ryt9mwj4obdkdbko3qruwxk	YjEyNTE4YmFhMTE5MzczNGU1Yjk5YThkYjY5M2QwNWVmNTdjNGUyODp7Il9hdXRoX3VzZXJfaGFzaCI6IjQ2ZTgxOWE3ZmVlNjQ5NzgzMjI0YzVhYTJjNGE5OTJkNTQwMjNhNjQiLCJfYXV0aF91c2VyX2JhY2tlbmQiOiJ1c2Vycy5iYWNrZW5kcy5FbWFpbEF1dGhCYWNrZW5kIiwiX2F1dGhfdXNlcl9pZCI6IjIifQ==	2017-02-14 17:21:26.875247+05:30
iys2j6ayj82r8jbfr59yadnt53lqv02j	YjEyNTE4YmFhMTE5MzczNGU1Yjk5YThkYjY5M2QwNWVmNTdjNGUyODp7Il9hdXRoX3VzZXJfaGFzaCI6IjQ2ZTgxOWE3ZmVlNjQ5NzgzMjI0YzVhYTJjNGE5OTJkNTQwMjNhNjQiLCJfYXV0aF91c2VyX2JhY2tlbmQiOiJ1c2Vycy5iYWNrZW5kcy5FbWFpbEF1dGhCYWNrZW5kIiwiX2F1dGhfdXNlcl9pZCI6IjIifQ==	2017-02-14 18:10:52.672992+05:30
6poofzhi9m1ys0mvj2ravekn71ea5rjv	YjEyNTE4YmFhMTE5MzczNGU1Yjk5YThkYjY5M2QwNWVmNTdjNGUyODp7Il9hdXRoX3VzZXJfaGFzaCI6IjQ2ZTgxOWE3ZmVlNjQ5NzgzMjI0YzVhYTJjNGE5OTJkNTQwMjNhNjQiLCJfYXV0aF91c2VyX2JhY2tlbmQiOiJ1c2Vycy5iYWNrZW5kcy5FbWFpbEF1dGhCYWNrZW5kIiwiX2F1dGhfdXNlcl9pZCI6IjIifQ==	2017-02-17 13:32:55.047786+05:30
7jddrimybfwcc9qksk4x0vcct5q7w9a5	YjEyNTE4YmFhMTE5MzczNGU1Yjk5YThkYjY5M2QwNWVmNTdjNGUyODp7Il9hdXRoX3VzZXJfaGFzaCI6IjQ2ZTgxOWE3ZmVlNjQ5NzgzMjI0YzVhYTJjNGE5OTJkNTQwMjNhNjQiLCJfYXV0aF91c2VyX2JhY2tlbmQiOiJ1c2Vycy5iYWNrZW5kcy5FbWFpbEF1dGhCYWNrZW5kIiwiX2F1dGhfdXNlcl9pZCI6IjIifQ==	2017-02-21 12:21:56.360454+05:30
sj6gb40bqia9cfgvzrcrgxhhl559nwdt	YjEyNTE4YmFhMTE5MzczNGU1Yjk5YThkYjY5M2QwNWVmNTdjNGUyODp7Il9hdXRoX3VzZXJfaGFzaCI6IjQ2ZTgxOWE3ZmVlNjQ5NzgzMjI0YzVhYTJjNGE5OTJkNTQwMjNhNjQiLCJfYXV0aF91c2VyX2JhY2tlbmQiOiJ1c2Vycy5iYWNrZW5kcy5FbWFpbEF1dGhCYWNrZW5kIiwiX2F1dGhfdXNlcl9pZCI6IjIifQ==	2017-02-21 14:09:23.994841+05:30
0rx2zas03nvel8tvstik676l17accc9h	YjEyNTE4YmFhMTE5MzczNGU1Yjk5YThkYjY5M2QwNWVmNTdjNGUyODp7Il9hdXRoX3VzZXJfaGFzaCI6IjQ2ZTgxOWE3ZmVlNjQ5NzgzMjI0YzVhYTJjNGE5OTJkNTQwMjNhNjQiLCJfYXV0aF91c2VyX2JhY2tlbmQiOiJ1c2Vycy5iYWNrZW5kcy5FbWFpbEF1dGhCYWNrZW5kIiwiX2F1dGhfdXNlcl9pZCI6IjIifQ==	2017-02-24 13:47:10.568393+05:30
6jlhq7zdeulik08gpjubjf7yoq77brip	YjEyNTE4YmFhMTE5MzczNGU1Yjk5YThkYjY5M2QwNWVmNTdjNGUyODp7Il9hdXRoX3VzZXJfaGFzaCI6IjQ2ZTgxOWE3ZmVlNjQ5NzgzMjI0YzVhYTJjNGE5OTJkNTQwMjNhNjQiLCJfYXV0aF91c2VyX2JhY2tlbmQiOiJ1c2Vycy5iYWNrZW5kcy5FbWFpbEF1dGhCYWNrZW5kIiwiX2F1dGhfdXNlcl9pZCI6IjIifQ==	2017-03-01 11:27:22.442038+05:30
wkoo73ccuy9tezvaez2a2ca2ykknit0p	YjEyNTE4YmFhMTE5MzczNGU1Yjk5YThkYjY5M2QwNWVmNTdjNGUyODp7Il9hdXRoX3VzZXJfaGFzaCI6IjQ2ZTgxOWE3ZmVlNjQ5NzgzMjI0YzVhYTJjNGE5OTJkNTQwMjNhNjQiLCJfYXV0aF91c2VyX2JhY2tlbmQiOiJ1c2Vycy5iYWNrZW5kcy5FbWFpbEF1dGhCYWNrZW5kIiwiX2F1dGhfdXNlcl9pZCI6IjIifQ==	2017-03-01 12:05:15.433562+05:30
5nd21w8cal0ifxs9th2nhkpcdphpc2i9	YjEyNTE4YmFhMTE5MzczNGU1Yjk5YThkYjY5M2QwNWVmNTdjNGUyODp7Il9hdXRoX3VzZXJfaGFzaCI6IjQ2ZTgxOWE3ZmVlNjQ5NzgzMjI0YzVhYTJjNGE5OTJkNTQwMjNhNjQiLCJfYXV0aF91c2VyX2JhY2tlbmQiOiJ1c2Vycy5iYWNrZW5kcy5FbWFpbEF1dGhCYWNrZW5kIiwiX2F1dGhfdXNlcl9pZCI6IjIifQ==	2017-03-13 15:34:15.422706+05:30
2tdg433z1fbyoe0ih5ti5uwehhfo33i2	YjEyNTE4YmFhMTE5MzczNGU1Yjk5YThkYjY5M2QwNWVmNTdjNGUyODp7Il9hdXRoX3VzZXJfaGFzaCI6IjQ2ZTgxOWE3ZmVlNjQ5NzgzMjI0YzVhYTJjNGE5OTJkNTQwMjNhNjQiLCJfYXV0aF91c2VyX2JhY2tlbmQiOiJ1c2Vycy5iYWNrZW5kcy5FbWFpbEF1dGhCYWNrZW5kIiwiX2F1dGhfdXNlcl9pZCI6IjIifQ==	2017-03-17 11:15:04.691615+05:30
lhh20iqfyve7ufts7g9yhwbpp5ekg93l	YjEyNTE4YmFhMTE5MzczNGU1Yjk5YThkYjY5M2QwNWVmNTdjNGUyODp7Il9hdXRoX3VzZXJfaGFzaCI6IjQ2ZTgxOWE3ZmVlNjQ5NzgzMjI0YzVhYTJjNGE5OTJkNTQwMjNhNjQiLCJfYXV0aF91c2VyX2JhY2tlbmQiOiJ1c2Vycy5iYWNrZW5kcy5FbWFpbEF1dGhCYWNrZW5kIiwiX2F1dGhfdXNlcl9pZCI6IjIifQ==	2017-03-17 15:36:42.635779+05:30
bq3imlhmz12nsm4oq399o3qa95znvun6	YjEyNTE4YmFhMTE5MzczNGU1Yjk5YThkYjY5M2QwNWVmNTdjNGUyODp7Il9hdXRoX3VzZXJfaGFzaCI6IjQ2ZTgxOWE3ZmVlNjQ5NzgzMjI0YzVhYTJjNGE5OTJkNTQwMjNhNjQiLCJfYXV0aF91c2VyX2JhY2tlbmQiOiJ1c2Vycy5iYWNrZW5kcy5FbWFpbEF1dGhCYWNrZW5kIiwiX2F1dGhfdXNlcl9pZCI6IjIifQ==	2017-03-21 13:34:23.36799+05:30
yzmuh36lqthxqur9huk1svc0tl7j8b69	YjEyNTE4YmFhMTE5MzczNGU1Yjk5YThkYjY5M2QwNWVmNTdjNGUyODp7Il9hdXRoX3VzZXJfaGFzaCI6IjQ2ZTgxOWE3ZmVlNjQ5NzgzMjI0YzVhYTJjNGE5OTJkNTQwMjNhNjQiLCJfYXV0aF91c2VyX2JhY2tlbmQiOiJ1c2Vycy5iYWNrZW5kcy5FbWFpbEF1dGhCYWNrZW5kIiwiX2F1dGhfdXNlcl9pZCI6IjIifQ==	2017-04-10 14:31:12.887204+05:30
la4nzraaos80anvbeg5dl7zogpv86mar	YjEyNTE4YmFhMTE5MzczNGU1Yjk5YThkYjY5M2QwNWVmNTdjNGUyODp7Il9hdXRoX3VzZXJfaGFzaCI6IjQ2ZTgxOWE3ZmVlNjQ5NzgzMjI0YzVhYTJjNGE5OTJkNTQwMjNhNjQiLCJfYXV0aF91c2VyX2JhY2tlbmQiOiJ1c2Vycy5iYWNrZW5kcy5FbWFpbEF1dGhCYWNrZW5kIiwiX2F1dGhfdXNlcl9pZCI6IjIifQ==	2017-04-14 12:27:48.51655+05:30
m2cejcn3jht86cc3iilcrgcvfzl98xy0	YjEyNTE4YmFhMTE5MzczNGU1Yjk5YThkYjY5M2QwNWVmNTdjNGUyODp7Il9hdXRoX3VzZXJfaGFzaCI6IjQ2ZTgxOWE3ZmVlNjQ5NzgzMjI0YzVhYTJjNGE5OTJkNTQwMjNhNjQiLCJfYXV0aF91c2VyX2JhY2tlbmQiOiJ1c2Vycy5iYWNrZW5kcy5FbWFpbEF1dGhCYWNrZW5kIiwiX2F1dGhfdXNlcl9pZCI6IjIifQ==	2017-05-04 14:25:19.356956+05:30
j5orm116gl3ff2orjyzl2doi9naniaqy	YjEyNTE4YmFhMTE5MzczNGU1Yjk5YThkYjY5M2QwNWVmNTdjNGUyODp7Il9hdXRoX3VzZXJfaGFzaCI6IjQ2ZTgxOWE3ZmVlNjQ5NzgzMjI0YzVhYTJjNGE5OTJkNTQwMjNhNjQiLCJfYXV0aF91c2VyX2JhY2tlbmQiOiJ1c2Vycy5iYWNrZW5kcy5FbWFpbEF1dGhCYWNrZW5kIiwiX2F1dGhfdXNlcl9pZCI6IjIifQ==	2017-05-04 16:26:47.888399+05:30
xoob4mkce2ygaknod5dwdt0e20ltuoe9	YjEyNTE4YmFhMTE5MzczNGU1Yjk5YThkYjY5M2QwNWVmNTdjNGUyODp7Il9hdXRoX3VzZXJfaGFzaCI6IjQ2ZTgxOWE3ZmVlNjQ5NzgzMjI0YzVhYTJjNGE5OTJkNTQwMjNhNjQiLCJfYXV0aF91c2VyX2JhY2tlbmQiOiJ1c2Vycy5iYWNrZW5kcy5FbWFpbEF1dGhCYWNrZW5kIiwiX2F1dGhfdXNlcl9pZCI6IjIifQ==	2017-05-05 11:51:28.782917+05:30
zdw2bqk578ualj2zqhcszx5k4cmdgxtv	YjEyNTE4YmFhMTE5MzczNGU1Yjk5YThkYjY5M2QwNWVmNTdjNGUyODp7Il9hdXRoX3VzZXJfaGFzaCI6IjQ2ZTgxOWE3ZmVlNjQ5NzgzMjI0YzVhYTJjNGE5OTJkNTQwMjNhNjQiLCJfYXV0aF91c2VyX2JhY2tlbmQiOiJ1c2Vycy5iYWNrZW5kcy5FbWFpbEF1dGhCYWNrZW5kIiwiX2F1dGhfdXNlcl9pZCI6IjIifQ==	2017-06-02 17:12:42.742945+05:30
980j47onayhwf2b82yqpve250vonw1yq	YjEyNTE4YmFhMTE5MzczNGU1Yjk5YThkYjY5M2QwNWVmNTdjNGUyODp7Il9hdXRoX3VzZXJfaGFzaCI6IjQ2ZTgxOWE3ZmVlNjQ5NzgzMjI0YzVhYTJjNGE5OTJkNTQwMjNhNjQiLCJfYXV0aF91c2VyX2JhY2tlbmQiOiJ1c2Vycy5iYWNrZW5kcy5FbWFpbEF1dGhCYWNrZW5kIiwiX2F1dGhfdXNlcl9pZCI6IjIifQ==	2017-06-13 14:18:07.436425+05:30
\.


--
-- Data for Name: users_bayuser; Type: TABLE DATA; Schema: public; Owner: postgres
--

COPY users_bayuser (id, password, last_login, first_name, last_name, email, is_admin, is_owner, is_active, rfid, group_id) FROM stdin;
50		\N	RAJAT	HADA	Rajat_Hada@amat.com	f	f	t	197119	4
51		\N	ROHIT	BANSAL	Rohit_Bansal@amat.com	f	f	t	114059	7
52		\N	RUPANKAR	CHOUDHURY	Rupankar_Choudhury@amat.com	f	f	t	152795	7
53		\N	SAI KUMAR	KODUMURI	Sai_Kumar_Kodumuri@contractor.amat.com	f	f	t	165937	2
54		\N	SANJAY	CHAVAN	Sanjay_Chavan@amat.com	f	f	t	143221	9
55		\N	SANTOSH  MOODABIDRI	BHAT	Santosh__Moodabidri_Bhat@contractor.amat.com	f	f	t	152801	2
3		\N	PARTHA PRATIM	DHAR	Partha_Dhar@amat.com	f	t	t	165626	3
1	pbkdf2_sha256$20000$WIjp2qYsTdnY$D/udTUis3rSvA6dXk+5zWvRohgOL0BB4rmB1CQ73CkI=	2017-01-28 15:54:28.766471+05:30	RAVIKUMAR	AATHINARAYANAN	Ravikumar_Aathinarayanan@amat.com	f	t	t	165605	1
4		\N	SARAVANAN	CHANDRABALU	Saravanan_Chandrabalu@amat.com	f	t	t	135054	3
5		\N	SANJAY	BHAT	Sanjay_Bhat@amat.com	f	t	t	152562	2
6		\N	NARAYANAN	RAMACHANDRAN	Narayanan_Ramachandran@amat.com	f	t	t	130769	3
7		\N	DHARMA RATNAM	SRICHURNAM	Dharma_Ratnam_Srichurnam@amat.com	f	t	t	114226	3
8		\N	AKASH	GOYAL	Akash_Goyal@amat.com	f	t	t	137653	3
9		\N	PRAVEEN	CHORAGUDI	Praveen_Choragudi@amat.com	f	t	t	197198	3
10		\N	RAJKUMAR	THANU	Rajkumar_Thanu@amat.com	f	t	t	165743	3
11		\N	CHAITANYA PRASAD	A	Chaitanya_Prasad@amat.com	f	t	t	130829	2
12		\N	MAHESH	RAMAKRISHNA	Mahesh_R@amat.com	f	t	t	152729	2
13		\N	AVINASH	SHERVEGAR	Avinash_Shervegar@amat.com	f	t	t	166018	2
14		\N	NAMAN	APURVA	Naman_Apurva@amat.com	f	t	t	160159	2
15		\N	BALACHANDRA	NARAYAN	Balachandra_Narayan@amat.com	f	t	t	155636	4
16		\N	MANU	MOHAN	Manu_Mohan@amat.com	f	t	t	130823	5
17		\N	KABILAN	SANTHANAM	Kabilan_Santhanam@amat.com	f	t	t	143073	3
18		\N	AMARNATH	PAI	Amarnath_Pai@amat.com	f	t	t	143112	6
19		\N	PRASHANT	V JAVALI	Prashant_Javali@amat.com	f	t	t	137659	4
20		\N	PRAKASH	MANUR	Prakash_Manur@amat.com	f	t	t	165894	7
21		\N	AMEET	SURYAKANT	Ameet_Suryakant@amat.com	f	t	t	152436	8
22		\N	MAHADEV	JOSHI	Mahadev_Joshi@amat.com	f	t	t	152673	9
23		\N	PRAJEETH	WILTON	Prajeeth_Wilton@amat.com	f	t	t	202253	7
24		\N	RAVINDRAKUMAR	YALAMALLI	Ravindrakumar_Yalamalli@amat.com	f	t	t	160084	4
25		\N	ABDUL AKBAR	KUPPAKKATTU	Abdul_Kuppakkattu@amat.com	f	t	t	143088	2
26		\N	AJU	PHILIP	Aju_Philip@amat.com	f	f	t	155995	3
27		\N	ARUNKUMAR	KANDASAMY	Arunkumar_Kandasamy@contractor.amat.com	f	f	t	137515	4
28		\N	ASHOK KUMAR	DHANARAJ	AshokKumar_Dhanaraj@amat.com	f	f	t	223221	3
29		\N	BALASUBRAMANIAM	C J	Bala_Subramaniam@amat.com	f	f	t	137619	6
30		\N	BALAJI	P	Balaji_Panneerselvam@amat.com	f	f	t	130958	3
31		\N	BHARATH BOPANNA	P	BharathBopanna_Puttichanda@amat.com	f	f	t	223142	5
32		\N	CHANDRAKANT	SAPKALE	Chandrakant_Sapkale@amat.com	f	f	t	143143	3
33		\N	CHETAN	NAIK	Chetan_Naik@amat.com	f	f	t	160197	4
34		\N	DEEPAK	JADHAV	Deepak_Jadhav@amat.com	f	f	t	160966	1
35		\N	DEVENDRA	HOLEYANNAVAR	Devendra_Holeyannavar@amat.com	f	f	t	135063	3
36		\N	DHIRENDRA	KUMAR	Dhirendra_Kumar@amat.com	f	f	t	165852	3
37		\N	GOPALAKRISHNAN	TRIKKUR SANGAMESWARA	Gopal_Trikkur@amat.com	f	f	t	160079	9
38		\N	HANISH KUMAR	P K	Hanish_Kumar@amat.com	f	f	t	199763	7
39		\N	JAGAN	E	Jagan_Ealumalai@amat.com	f	f	t	165610	3
40		\N	GIRIDHAR	KAMESH	Kamesh_Giridhar@amat.com	f	f	t	165625	2
41		\N	MANJUNATHA	ADAGOOR	Manjunatha_V@amat.com	f	f	t	137635	5
42		\N	MANOJ	GAJENDRA	Manoj_Gajendra@amat.com	f	f	t	143399	9
43		\N	MOHAMMAD	AAMIR	Mohammad_Aamir@amat.com	f	f	t	160961	2
44		\N	NAGAVENKATARAJU	RAMACHANDRAGUPTA	Nagavenkataraju_Ramachandragupta@contractor.amat.com	f	f	t	130858	9
45		\N	NAVEEN	PARTHASARATHY	Naveen_Parthasarathy@amat.com	f	f	t	165631	3
46		\N	PRABHURAJ	KUBERAN	Prabhuraj_Kuberan@amat.com	f	f	t	159159	9
47		\N	PRADEEP KUMAR	P	Pradeep_Panneerselvam@amat.com	f	f	t	137628	8
48		\N	PRASHANT	AGARWAL	Prashant_Agarwal@amat.com	f	f	t	126868	2
49		\N	PRASHANT	POTDAR	Prashant_Potdar@amat.com	f	f	t	160066	2
56		\N	SATHISHKUMAR	KUMMAMOORTHY	SathishKumar_Kummamoorthy@amat.com	f	f	t	152584	4
57		\N	SREEGANAPATHY	KULOTHUNGAN	Sreeganapathy_Kulothungan@contractor.amat.com	f	f	t	135046	3
58		\N	SUBRAMANIAM	IYER	Subu_Iyer@amat.com	f	f	t	120836	3
59		\N	VIVEK	R RAO	Vivek_Rao@amat.com	f	f	t	120761	3
60		\N	YOGANANDA	SARODE	Yogananda_Sarode@amat.com	f	f	t	130683	4
61		\N	MANJUNATH	KOPPA	Manjunatha_Koppa@amat.com	f	f	t	165949	1
63		\N	Visweswar Rao	K	visweswar_rao@amat.com	t	t	t	160035	\N
64		\N	Shivarama	Karmar	shivarama_karmar@contractor.amat.com	t	t	t	155979	\N
65		\N	Sahadevan	Sundar	sahadevan_sundar@contractor.amat.com	t	t	t	217523	\N
71		\N	Srinivas	Gopalakrishna	Srinivas_Gopalakrishna@amat.com	f	f	t	137482	\N
66		\N	Rajesh	Solanki	Rajesh_Solanki@amat.com	t	t	t	155699	\N
62		\N	shridhar	veeranagoudra	shridhar_veeranagoudra@contractor.amat.com	t	t	t	223162	\N
67		\N	Praveen Kumar	Arumugapandi	PraveenKumar_Arumugapandi@contractor.amat.com	f	f	t	152376	8
69		\N	Pradeep Kumar	Jain	PradeepKumar_Jain@contractor.amat.com	f	f	t	223224	8
68		\N	Palraj	Gunasekaran	Palraj_Gunasekaran@contractor.amat.com	f	f	t	223190	8
70		\N	Lakshmikantha	Shirahatti	Lakshmikanth_Shirahatti@amat.com	f	f	t	165983	3
72		\N	Shekhar	Athani	Shekhar_Virupakshappa@amat.com	f	f	t	160830	\N
2	pbkdf2_sha256$20000$jgMGtnEZlcit$CD8l08L6nksiahatX4aowonJaASWxQx2Ndokn1sKvxU=	2017-05-30 14:18:07.433937+05:30	super	admin	bay@amat.com	t	t	t	1234567	\N
\.


--
-- Name: users_bayuser_id_seq; Type: SEQUENCE SET; Schema: public; Owner: postgres
--

SELECT pg_catalog.setval('users_bayuser_id_seq', 74, true);


--
-- Data for Name: users_group; Type: TABLE DATA; Schema: public; Owner: postgres
--

COPY users_group (id, name) FROM stdin;
1	MDP
2	TIG FEP
3	FE-CSG
4	Etch
5	SBU-ENG
6	CMP-ENG
7	DSM-CVD
8	WWO-CE
9	AGS-Systems
\.


--
-- Name: users_group_id_seq; Type: SEQUENCE SET; Schema: public; Owner: postgres
--

SELECT pg_catalog.setval('users_group_id_seq', 9, true);


--
-- Name: auth_group_name_key; Type: CONSTRAINT; Schema: public; Owner: postgres; Tablespace: 
--

ALTER TABLE ONLY auth_group
    ADD CONSTRAINT auth_group_name_key UNIQUE (name);


--
-- Name: auth_group_permissions_group_id_permission_id_key; Type: CONSTRAINT; Schema: public; Owner: postgres; Tablespace: 
--

ALTER TABLE ONLY auth_group_permissions
    ADD CONSTRAINT auth_group_permissions_group_id_permission_id_key UNIQUE (group_id, permission_id);


--
-- Name: auth_group_permissions_pkey; Type: CONSTRAINT; Schema: public; Owner: postgres; Tablespace: 
--

ALTER TABLE ONLY auth_group_permissions
    ADD CONSTRAINT auth_group_permissions_pkey PRIMARY KEY (id);


--
-- Name: auth_group_pkey; Type: CONSTRAINT; Schema: public; Owner: postgres; Tablespace: 
--

ALTER TABLE ONLY auth_group
    ADD CONSTRAINT auth_group_pkey PRIMARY KEY (id);


--
-- Name: auth_permission_content_type_id_codename_key; Type: CONSTRAINT; Schema: public; Owner: postgres; Tablespace: 
--

ALTER TABLE ONLY auth_permission
    ADD CONSTRAINT auth_permission_content_type_id_codename_key UNIQUE (content_type_id, codename);


--
-- Name: auth_permission_pkey; Type: CONSTRAINT; Schema: public; Owner: postgres; Tablespace: 
--

ALTER TABLE ONLY auth_permission
    ADD CONSTRAINT auth_permission_pkey PRIMARY KEY (id);


--
-- Name: bay_bay_pkey; Type: CONSTRAINT; Schema: public; Owner: postgres; Tablespace: 
--

ALTER TABLE ONLY bay_bay
    ADD CONSTRAINT bay_bay_pkey PRIMARY KEY (id);


--
-- Name: bay_logging_pkey; Type: CONSTRAINT; Schema: public; Owner: postgres; Tablespace: 
--

ALTER TABLE ONLY bay_logging
    ADD CONSTRAINT bay_logging_pkey PRIMARY KEY (id);


--
-- Name: bay_project_pkey; Type: CONSTRAINT; Schema: public; Owner: postgres; Tablespace: 
--

ALTER TABLE ONLY bay_project
    ADD CONSTRAINT bay_project_pkey PRIMARY KEY (id);


--
-- Name: bay_project_users_pkey; Type: CONSTRAINT; Schema: public; Owner: postgres; Tablespace: 
--

ALTER TABLE ONLY bay_project_users
    ADD CONSTRAINT bay_project_users_pkey PRIMARY KEY (id);


--
-- Name: bay_project_users_project_id_bayuser_id_key; Type: CONSTRAINT; Schema: public; Owner: postgres; Tablespace: 
--

ALTER TABLE ONLY bay_project_users
    ADD CONSTRAINT bay_project_users_project_id_bayuser_id_key UNIQUE (project_id, bayuser_id);


--
-- Name: bay_tool_pkey; Type: CONSTRAINT; Schema: public; Owner: postgres; Tablespace: 
--

ALTER TABLE ONLY bay_tool
    ADD CONSTRAINT bay_tool_pkey PRIMARY KEY (id);


--
-- Name: bay_tool_tool_users_pkey; Type: CONSTRAINT; Schema: public; Owner: postgres; Tablespace: 
--

ALTER TABLE ONLY bay_tool_tool_users
    ADD CONSTRAINT bay_tool_tool_users_pkey PRIMARY KEY (id);


--
-- Name: bay_tool_tool_users_tool_id_bayuser_id_key; Type: CONSTRAINT; Schema: public; Owner: postgres; Tablespace: 
--

ALTER TABLE ONLY bay_tool_tool_users
    ADD CONSTRAINT bay_tool_tool_users_tool_id_bayuser_id_key UNIQUE (tool_id, bayuser_id);


--
-- Name: bay_toolimage_pkey; Type: CONSTRAINT; Schema: public; Owner: postgres; Tablespace: 
--

ALTER TABLE ONLY bay_toolimage
    ADD CONSTRAINT bay_toolimage_pkey PRIMARY KEY (id);


--
-- Name: bay_toolproject_pkey; Type: CONSTRAINT; Schema: public; Owner: postgres; Tablespace: 
--

ALTER TABLE ONLY bay_toolproject
    ADD CONSTRAINT bay_toolproject_pkey PRIMARY KEY (id);


--
-- Name: corsheaders_corsmodel_pkey; Type: CONSTRAINT; Schema: public; Owner: postgres; Tablespace: 
--

ALTER TABLE ONLY corsheaders_corsmodel
    ADD CONSTRAINT corsheaders_corsmodel_pkey PRIMARY KEY (id);


--
-- Name: django_admin_log_pkey; Type: CONSTRAINT; Schema: public; Owner: postgres; Tablespace: 
--

ALTER TABLE ONLY django_admin_log
    ADD CONSTRAINT django_admin_log_pkey PRIMARY KEY (id);


--
-- Name: django_content_type_app_label_45f3b1d93ec8c61c_uniq; Type: CONSTRAINT; Schema: public; Owner: postgres; Tablespace: 
--

ALTER TABLE ONLY django_content_type
    ADD CONSTRAINT django_content_type_app_label_45f3b1d93ec8c61c_uniq UNIQUE (app_label, model);


--
-- Name: django_content_type_pkey; Type: CONSTRAINT; Schema: public; Owner: postgres; Tablespace: 
--

ALTER TABLE ONLY django_content_type
    ADD CONSTRAINT django_content_type_pkey PRIMARY KEY (id);


--
-- Name: django_migrations_pkey; Type: CONSTRAINT; Schema: public; Owner: postgres; Tablespace: 
--

ALTER TABLE ONLY django_migrations
    ADD CONSTRAINT django_migrations_pkey PRIMARY KEY (id);


--
-- Name: django_session_pkey; Type: CONSTRAINT; Schema: public; Owner: postgres; Tablespace: 
--

ALTER TABLE ONLY django_session
    ADD CONSTRAINT django_session_pkey PRIMARY KEY (session_key);


--
-- Name: users_bayuser_email_key; Type: CONSTRAINT; Schema: public; Owner: postgres; Tablespace: 
--

ALTER TABLE ONLY users_bayuser
    ADD CONSTRAINT users_bayuser_email_key UNIQUE (email);


--
-- Name: users_bayuser_pkey; Type: CONSTRAINT; Schema: public; Owner: postgres; Tablespace: 
--

ALTER TABLE ONLY users_bayuser
    ADD CONSTRAINT users_bayuser_pkey PRIMARY KEY (id);


--
-- Name: users_bayuser_rfid_key; Type: CONSTRAINT; Schema: public; Owner: postgres; Tablespace: 
--

ALTER TABLE ONLY users_bayuser
    ADD CONSTRAINT users_bayuser_rfid_key UNIQUE (rfid);


--
-- Name: users_group_name_key; Type: CONSTRAINT; Schema: public; Owner: postgres; Tablespace: 
--

ALTER TABLE ONLY users_group
    ADD CONSTRAINT users_group_name_key UNIQUE (name);


--
-- Name: users_group_pkey; Type: CONSTRAINT; Schema: public; Owner: postgres; Tablespace: 
--

ALTER TABLE ONLY users_group
    ADD CONSTRAINT users_group_pkey PRIMARY KEY (id);


--
-- Name: auth_group_name_253ae2a6331666e8_like; Type: INDEX; Schema: public; Owner: postgres; Tablespace: 
--

CREATE INDEX auth_group_name_253ae2a6331666e8_like ON auth_group USING btree (name varchar_pattern_ops);


--
-- Name: auth_group_permissions_0e939a4f; Type: INDEX; Schema: public; Owner: postgres; Tablespace: 
--

CREATE INDEX auth_group_permissions_0e939a4f ON auth_group_permissions USING btree (group_id);


--
-- Name: auth_group_permissions_8373b171; Type: INDEX; Schema: public; Owner: postgres; Tablespace: 
--

CREATE INDEX auth_group_permissions_8373b171 ON auth_group_permissions USING btree (permission_id);


--
-- Name: auth_permission_417f1b1c; Type: INDEX; Schema: public; Owner: postgres; Tablespace: 
--

CREATE INDEX auth_permission_417f1b1c ON auth_permission USING btree (content_type_id);


--
-- Name: bay_bay_mac_id_654c4422cc979572_like; Type: INDEX; Schema: public; Owner: postgres; Tablespace: 
--

CREATE INDEX bay_bay_mac_id_654c4422cc979572_like ON bay_bay USING btree (mac_id varchar_pattern_ops);


--
-- Name: bay_logging_44f86848; Type: INDEX; Schema: public; Owner: postgres; Tablespace: 
--

CREATE INDEX bay_logging_44f86848 ON bay_logging USING btree (tool_id);


--
-- Name: bay_logging_b098ad43; Type: INDEX; Schema: public; Owner: postgres; Tablespace: 
--

CREATE INDEX bay_logging_b098ad43 ON bay_logging USING btree (project_id);


--
-- Name: bay_logging_e8701ad4; Type: INDEX; Schema: public; Owner: postgres; Tablespace: 
--

CREATE INDEX bay_logging_e8701ad4 ON bay_logging USING btree (user_id);


--
-- Name: bay_project_users_4bbec8a0; Type: INDEX; Schema: public; Owner: postgres; Tablespace: 
--

CREATE INDEX bay_project_users_4bbec8a0 ON bay_project_users USING btree (bayuser_id);


--
-- Name: bay_project_users_b098ad43; Type: INDEX; Schema: public; Owner: postgres; Tablespace: 
--

CREATE INDEX bay_project_users_b098ad43 ON bay_project_users USING btree (project_id);


--
-- Name: bay_tool_22100deb; Type: INDEX; Schema: public; Owner: postgres; Tablespace: 
--

CREATE INDEX bay_tool_22100deb ON bay_tool USING btree (current_project_id);


--
-- Name: bay_tool_5d015cd1; Type: INDEX; Schema: public; Owner: postgres; Tablespace: 
--

CREATE INDEX bay_tool_5d015cd1 ON bay_tool USING btree (bay_id);


--
-- Name: bay_tool_644d95bf; Type: INDEX; Schema: public; Owner: postgres; Tablespace: 
--

CREATE INDEX bay_tool_644d95bf ON bay_tool USING btree (tool_owner_id);


--
-- Name: bay_tool_tool_users_44f86848; Type: INDEX; Schema: public; Owner: postgres; Tablespace: 
--

CREATE INDEX bay_tool_tool_users_44f86848 ON bay_tool_tool_users USING btree (tool_id);


--
-- Name: bay_tool_tool_users_4bbec8a0; Type: INDEX; Schema: public; Owner: postgres; Tablespace: 
--

CREATE INDEX bay_tool_tool_users_4bbec8a0 ON bay_tool_tool_users USING btree (bayuser_id);


--
-- Name: bay_toolproject_44f86848; Type: INDEX; Schema: public; Owner: postgres; Tablespace: 
--

CREATE INDEX bay_toolproject_44f86848 ON bay_toolproject USING btree (tool_id);


--
-- Name: bay_toolproject_b098ad43; Type: INDEX; Schema: public; Owner: postgres; Tablespace: 
--

CREATE INDEX bay_toolproject_b098ad43 ON bay_toolproject USING btree (project_id);


--
-- Name: django_admin_log_417f1b1c; Type: INDEX; Schema: public; Owner: postgres; Tablespace: 
--

CREATE INDEX django_admin_log_417f1b1c ON django_admin_log USING btree (content_type_id);


--
-- Name: django_admin_log_e8701ad4; Type: INDEX; Schema: public; Owner: postgres; Tablespace: 
--

CREATE INDEX django_admin_log_e8701ad4 ON django_admin_log USING btree (user_id);


--
-- Name: django_session_de54fa62; Type: INDEX; Schema: public; Owner: postgres; Tablespace: 
--

CREATE INDEX django_session_de54fa62 ON django_session USING btree (expire_date);


--
-- Name: django_session_session_key_461cfeaa630ca218_like; Type: INDEX; Schema: public; Owner: postgres; Tablespace: 
--

CREATE INDEX django_session_session_key_461cfeaa630ca218_like ON django_session USING btree (session_key varchar_pattern_ops);


--
-- Name: users_bayuser_0e939a4f; Type: INDEX; Schema: public; Owner: postgres; Tablespace: 
--

CREATE INDEX users_bayuser_0e939a4f ON users_bayuser USING btree (group_id);


--
-- Name: users_bayuser_email_686102992adc5ca7_like; Type: INDEX; Schema: public; Owner: postgres; Tablespace: 
--

CREATE INDEX users_bayuser_email_686102992adc5ca7_like ON users_bayuser USING btree (email varchar_pattern_ops);


--
-- Name: users_bayuser_rfid_2a89773a2d614ffb_like; Type: INDEX; Schema: public; Owner: postgres; Tablespace: 
--

CREATE INDEX users_bayuser_rfid_2a89773a2d614ffb_like ON users_bayuser USING btree (rfid varchar_pattern_ops);


--
-- Name: users_group_name_3bfc4297bc9a731d_like; Type: INDEX; Schema: public; Owner: postgres; Tablespace: 
--

CREATE INDEX users_group_name_3bfc4297bc9a731d_like ON users_group USING btree (name varchar_pattern_ops);


--
-- Name: auth_content_type_id_508cf46651277a81_fk_django_content_type_id; Type: FK CONSTRAINT; Schema: public; Owner: postgres
--

ALTER TABLE ONLY auth_permission
    ADD CONSTRAINT auth_content_type_id_508cf46651277a81_fk_django_content_type_id FOREIGN KEY (content_type_id) REFERENCES django_content_type(id) DEFERRABLE INITIALLY DEFERRED;


--
-- Name: auth_group_permissio_group_id_689710a9a73b7457_fk_auth_group_id; Type: FK CONSTRAINT; Schema: public; Owner: postgres
--

ALTER TABLE ONLY auth_group_permissions
    ADD CONSTRAINT auth_group_permissio_group_id_689710a9a73b7457_fk_auth_group_id FOREIGN KEY (group_id) REFERENCES auth_group(id) DEFERRABLE INITIALLY DEFERRED;


--
-- Name: auth_group_permission_id_1f49ccbbdc69d2fc_fk_auth_permission_id; Type: FK CONSTRAINT; Schema: public; Owner: postgres
--

ALTER TABLE ONLY auth_group_permissions
    ADD CONSTRAINT auth_group_permission_id_1f49ccbbdc69d2fc_fk_auth_permission_id FOREIGN KEY (permission_id) REFERENCES auth_permission(id) DEFERRABLE INITIALLY DEFERRED;


--
-- Name: bay_logging_project_id_6f78edef70a14511_fk_bay_project_id; Type: FK CONSTRAINT; Schema: public; Owner: postgres
--

ALTER TABLE ONLY bay_logging
    ADD CONSTRAINT bay_logging_project_id_6f78edef70a14511_fk_bay_project_id FOREIGN KEY (project_id) REFERENCES bay_project(id) DEFERRABLE INITIALLY DEFERRED;


--
-- Name: bay_logging_tool_id_1374c5fe62b46dbf_fk_bay_tool_id; Type: FK CONSTRAINT; Schema: public; Owner: postgres
--

ALTER TABLE ONLY bay_logging
    ADD CONSTRAINT bay_logging_tool_id_1374c5fe62b46dbf_fk_bay_tool_id FOREIGN KEY (tool_id) REFERENCES bay_tool(id) DEFERRABLE INITIALLY DEFERRED;


--
-- Name: bay_logging_user_id_22256a74177d3c0a_fk_users_bayuser_id; Type: FK CONSTRAINT; Schema: public; Owner: postgres
--

ALTER TABLE ONLY bay_logging
    ADD CONSTRAINT bay_logging_user_id_22256a74177d3c0a_fk_users_bayuser_id FOREIGN KEY (user_id) REFERENCES users_bayuser(id) DEFERRABLE INITIALLY DEFERRED;


--
-- Name: bay_project_use_bayuser_id_5fa69374241eb892_fk_users_bayuser_id; Type: FK CONSTRAINT; Schema: public; Owner: postgres
--

ALTER TABLE ONLY bay_project_users
    ADD CONSTRAINT bay_project_use_bayuser_id_5fa69374241eb892_fk_users_bayuser_id FOREIGN KEY (bayuser_id) REFERENCES users_bayuser(id) DEFERRABLE INITIALLY DEFERRED;


--
-- Name: bay_project_users_project_id_6e97b7534efb86a0_fk_bay_project_id; Type: FK CONSTRAINT; Schema: public; Owner: postgres
--

ALTER TABLE ONLY bay_project_users
    ADD CONSTRAINT bay_project_users_project_id_6e97b7534efb86a0_fk_bay_project_id FOREIGN KEY (project_id) REFERENCES bay_project(id) DEFERRABLE INITIALLY DEFERRED;


--
-- Name: bay_tool_bay_id_33314f611efa2cd0_fk_bay_bay_id; Type: FK CONSTRAINT; Schema: public; Owner: postgres
--

ALTER TABLE ONLY bay_tool
    ADD CONSTRAINT bay_tool_bay_id_33314f611efa2cd0_fk_bay_bay_id FOREIGN KEY (bay_id) REFERENCES bay_bay(id) DEFERRABLE INITIALLY DEFERRED;


--
-- Name: bay_tool_current_project_id_173affa6f1a953b1_fk_bay_project_id; Type: FK CONSTRAINT; Schema: public; Owner: postgres
--

ALTER TABLE ONLY bay_tool
    ADD CONSTRAINT bay_tool_current_project_id_173affa6f1a953b1_fk_bay_project_id FOREIGN KEY (current_project_id) REFERENCES bay_project(id) DEFERRABLE INITIALLY DEFERRED;


--
-- Name: bay_tool_tool_owner_id_1a3aad434afea74d_fk_users_bayuser_id; Type: FK CONSTRAINT; Schema: public; Owner: postgres
--

ALTER TABLE ONLY bay_tool
    ADD CONSTRAINT bay_tool_tool_owner_id_1a3aad434afea74d_fk_users_bayuser_id FOREIGN KEY (tool_owner_id) REFERENCES users_bayuser(id) DEFERRABLE INITIALLY DEFERRED;


--
-- Name: bay_tool_tool_u_bayuser_id_2bfff27b7c225974_fk_users_bayuser_id; Type: FK CONSTRAINT; Schema: public; Owner: postgres
--

ALTER TABLE ONLY bay_tool_tool_users
    ADD CONSTRAINT bay_tool_tool_u_bayuser_id_2bfff27b7c225974_fk_users_bayuser_id FOREIGN KEY (bayuser_id) REFERENCES users_bayuser(id) DEFERRABLE INITIALLY DEFERRED;


--
-- Name: bay_tool_tool_users_tool_id_5e50401c620a1690_fk_bay_tool_id; Type: FK CONSTRAINT; Schema: public; Owner: postgres
--

ALTER TABLE ONLY bay_tool_tool_users
    ADD CONSTRAINT bay_tool_tool_users_tool_id_5e50401c620a1690_fk_bay_tool_id FOREIGN KEY (tool_id) REFERENCES bay_tool(id) DEFERRABLE INITIALLY DEFERRED;


--
-- Name: bay_toolproject_project_id_5a132cac993e8af_fk_bay_project_id; Type: FK CONSTRAINT; Schema: public; Owner: postgres
--

ALTER TABLE ONLY bay_toolproject
    ADD CONSTRAINT bay_toolproject_project_id_5a132cac993e8af_fk_bay_project_id FOREIGN KEY (project_id) REFERENCES bay_project(id) DEFERRABLE INITIALLY DEFERRED;


--
-- Name: bay_toolproject_tool_id_14d87228b9afa221_fk_bay_tool_id; Type: FK CONSTRAINT; Schema: public; Owner: postgres
--

ALTER TABLE ONLY bay_toolproject
    ADD CONSTRAINT bay_toolproject_tool_id_14d87228b9afa221_fk_bay_tool_id FOREIGN KEY (tool_id) REFERENCES bay_tool(id) DEFERRABLE INITIALLY DEFERRED;


--
-- Name: djan_content_type_id_697914295151027a_fk_django_content_type_id; Type: FK CONSTRAINT; Schema: public; Owner: postgres
--

ALTER TABLE ONLY django_admin_log
    ADD CONSTRAINT djan_content_type_id_697914295151027a_fk_django_content_type_id FOREIGN KEY (content_type_id) REFERENCES django_content_type(id) DEFERRABLE INITIALLY DEFERRED;


--
-- Name: django_admin_log_user_id_52fdd58701c5f563_fk_users_bayuser_id; Type: FK CONSTRAINT; Schema: public; Owner: postgres
--

ALTER TABLE ONLY django_admin_log
    ADD CONSTRAINT django_admin_log_user_id_52fdd58701c5f563_fk_users_bayuser_id FOREIGN KEY (user_id) REFERENCES users_bayuser(id) DEFERRABLE INITIALLY DEFERRED;


--
-- Name: users_bayuser_group_id_3a0d53df12bb1315_fk_users_group_id; Type: FK CONSTRAINT; Schema: public; Owner: postgres
--

ALTER TABLE ONLY users_bayuser
    ADD CONSTRAINT users_bayuser_group_id_3a0d53df12bb1315_fk_users_group_id FOREIGN KEY (group_id) REFERENCES users_group(id) DEFERRABLE INITIALLY DEFERRED;


--
-- Name: public; Type: ACL; Schema: -; Owner: postgres
--

REVOKE ALL ON SCHEMA public FROM PUBLIC;
REVOKE ALL ON SCHEMA public FROM postgres;
GRANT ALL ON SCHEMA public TO postgres;
GRANT ALL ON SCHEMA public TO PUBLIC;


--
-- PostgreSQL database dump complete
--

